slug,region_name,year,month,period,split,dengue_cases,dengue_deaths,incidence_per100k,mean_temp_C,rainfall_mm,humidity_pct,hot_days,population,pop_density_km2,urban_pct,poverty_fam_pct,oni,oni_lag3,rainfall_lag1,rainfall_anomaly_mm,humidity_lag1,temp_lag3,cases_lag1,cases_lag12,ovitrap_pct,ovitrap_lag1,is_demo_fixture
BARMM,Bangsamoro Autonomous Region in Muslim Mindanao,2016,1,2016-01,train,82,2,2.1,26.21,707,93.1,0,3905967,106.57,27.86,53.92,2,2.1,239.4,531.5,81.9,26.15,191,134,26.3,37.6,1
BARMM,Bangsamoro Autonomous Region in Muslim Mindanao,2016,2,2016-02,train,152,1,3.89,26.77,98.3,79.4,0,3905967,106.57,27.86,53.92,1.9,2.2,707,-13.2,93.1,27.02,82,63,42,26.3,1
BARMM,Bangsamoro Autonomous Region in Muslim Mindanao,2016,3,2016-03,train,68,1,1.74,26.8,227.7,79,0,3905967,106.57,27.86,53.92,1.6,2.3,98.3,64.4,79.4,26.34,152,62,17.5,42,1
BARMM,Bangsamoro Autonomous Region in Muslim Mindanao,2016,4,2016-04,train,89,0,2.28,27.49,223.7,79.6,0,3905967,106.57,27.86,53.92,1.1,2,227.7,52.7,79,26.21,68,42,20.9,17.5,1
BARMM,Bangsamoro Autonomous Region in Muslim Mindanao,2016,5,2016-05,train,75,1,1.92,27.77,338.5,82.8,0,3905967,106.57,27.86,53.92,0.6,1.9,223.7,28.9,79.6,26.77,89,115,23.1,20.9,1
BARMM,Bangsamoro Autonomous Region in Muslim Mindanao,2016,6,2016-06,train,217,3,5.56,27.29,368.1,83.2,0,3905967,106.57,27.86,53.92,0.1,1.6,338.5,26.2,82.8,26.8,75,142,25.3,23.1,1
BARMM,Bangsamoro Autonomous Region in Muslim Mindanao,2016,7,2016-07,train,293,1,7.5,26.5,288.8,83.2,0,3905967,106.57,27.86,53.92,-0.2,1.1,368.1,-37.5,83.2,27.49,217,382,27.4,25.3,1
BARMM,Bangsamoro Autonomous Region in Muslim Mindanao,2016,8,2016-08,train,251,1,6.43,26.27,188.2,82.5,0,3905967,106.57,27.86,53.92,-0.4,0.6,288.8,-29.9,83.2,27.77,293,946,27.8,27.4,1
BARMM,Bangsamoro Autonomous Region in Muslim Mindanao,2016,9,2016-09,train,439,1,11.24,25.68,352.6,83.7,0,3905967,106.57,27.86,53.92,-0.5,0.1,188.2,76.9,82.5,27.29,251,651,22.3,27.8,1
BARMM,Bangsamoro Autonomous Region in Muslim Mindanao,2016,10,2016-10,train,293,2,7.5,26.41,566.6,88.4,1,3905967,106.57,27.86,53.92,-0.6,-0.2,352.6,209.2,83.7,26.5,439,694,26.4,22.3,1
BARMM,Bangsamoro Autonomous Region in Muslim Mindanao,2016,11,2016-11,train,263,4,6.73,26.03,230.8,82,0,3905967,106.57,27.86,53.92,-0.6,-0.4,566.6,15.2,88.4,26.27,293,300,36.3,26.4,1
BARMM,Bangsamoro Autonomous Region in Muslim Mindanao,2016,12,2016-12,train,141,2,3.61,26.37,247.7,83,0,3905967,106.57,27.86,53.92,-0.6,-0.5,230.8,10.1,82,25.68,263,191,22.8,36.3,1
BARMM,Bangsamoro Autonomous Region in Muslim Mindanao,2017,1,2017-01,train,124,1,3.08,25.04,127.8,81.5,0,4030547,109.97,27.78,54.06,-0.4,-0.6,247.7,-47.8,83,26.41,141,82,18.5,22.8,1
BARMM,Bangsamoro Autonomous Region in Muslim Mindanao,2017,2,2017-02,train,145,0,3.6,25.96,81,77.1,0,4030547,109.97,27.78,54.06,-0.4,-0.6,127.8,-30.5,81.5,26.03,124,152,14,18.5,1
BARMM,Bangsamoro Autonomous Region in Muslim Mindanao,2017,3,2017-03,train,77,1,1.91,26.21,112.5,76.1,0,4030547,109.97,27.78,54.06,-0.2,-0.6,81,-50.8,77.1,26.37,145,68,18.8,14,1
BARMM,Bangsamoro Autonomous Region in Muslim Mindanao,2017,4,2017-04,train,40,1,0.99,26.87,108.4,79,0,4030547,109.97,27.78,54.06,0,-0.4,112.5,-62.6,76.1,25.04,77,89,21.9,18.8,1
BARMM,Bangsamoro Autonomous Region in Muslim Mindanao,2017,5,2017-05,train,127,0,3.15,27.04,374.9,82.8,0,4030547,109.97,27.78,54.06,0.1,-0.4,108.4,65.4,79,25.96,40,75,18.1,21.9,1
BARMM,Bangsamoro Autonomous Region in Muslim Mindanao,2017,6,2017-06,train,247,1,6.13,26.18,556.2,87.2,0,4030547,109.97,27.78,54.06,0.1,-0.2,374.9,214.2,82.8,26.21,127,217,23.4,18.1,1
BARMM,Bangsamoro Autonomous Region in Muslim Mindanao,2017,7,2017-07,train,343,2,8.51,26.38,334.3,83.1,0,4030547,109.97,27.78,54.06,0,0,556.2,8.1,87.2,26.87,247,293,32.8,23.4,1
BARMM,Bangsamoro Autonomous Region in Muslim Mindanao,2017,8,2017-08,train,419,1,10.4,26.01,328.4,84.8,0,4030547,109.97,27.78,54.06,-0.2,0.1,334.3,110.3,83.1,27.04,343,251,31.3,32.8,1
BARMM,Bangsamoro Autonomous Region in Muslim Mindanao,2017,9,2017-09,train,773,4,19.18,26.5,226.2,82.5,0,4030547,109.97,27.78,54.06,-0.5,0.1,328.4,-49.4,84.8,26.18,419,439,32,31.3,1
BARMM,Bangsamoro Autonomous Region in Muslim Mindanao,2017,10,2017-10,train,382,1,9.48,26.14,253.3,81.4,0,4030547,109.97,27.78,54.06,-0.7,0,226.2,-104.1,82.5,26.38,773,293,24,32,1
BARMM,Bangsamoro Autonomous Region in Muslim Mindanao,2017,11,2017-11,train,121,1,3,26.23,245.4,84.9,0,4030547,109.97,27.78,54.06,-0.8,-0.2,253.3,29.8,81.4,26.01,382,263,28.2,24,1
BARMM,Bangsamoro Autonomous Region in Muslim Mindanao,2017,12,2017-12,train,152,1,3.77,26.02,393.9,87.7,1,4030547,109.97,27.78,54.06,-0.9,-0.5,245.4,156.3,84.9,26.5,121,141,22.5,28.2,1
BARMM,Bangsamoro Autonomous Region in Muslim Mindanao,2018,1,2018-01,train,309,2,7.44,26,127.4,80,0,4155128,113.37,27.71,54.2,-0.9,-0.7,393.9,-48.1,87.7,26.14,152,124,30.2,22.5,1
BARMM,Bangsamoro Autonomous Region in Muslim Mindanao,2018,2,2018-02,train,442,3,10.64,25.53,94.6,76.2,0,4155128,113.37,27.71,54.2,-0.8,-0.8,127.4,-16.9,80,26.23,309,145,17.4,30.2,1
BARMM,Bangsamoro Autonomous Region in Muslim Mindanao,2018,3,2018-03,train,242,2,5.82,26.11,178.5,79.5,0,4155128,113.37,27.71,54.2,-0.6,-0.9,94.6,15.1,76.2,26.02,442,77,24.3,17.4,1
BARMM,Bangsamoro Autonomous Region in Muslim Mindanao,2018,4,2018-04,train,175,0,4.21,26.45,112.4,77.8,0,4155128,113.37,27.71,54.2,-0.4,-0.9,178.5,-58.6,79.5,26,242,40,18.8,24.3,1
BARMM,Bangsamoro Autonomous Region in Muslim Mindanao,2018,5,2018-05,train,165,1,3.97,26.86,277.6,80,0,4155128,113.37,27.71,54.2,-0.2,-0.8,112.4,-31.9,77.8,25.53,175,127,22.4,18.8,1
BARMM,Bangsamoro Autonomous Region in Muslim Mindanao,2018,6,2018-06,train,398,3,9.58,26.12,518.2,88.6,0,4155128,113.37,27.71,54.2,0,-0.6,277.6,176.2,80,26.11,165,247,29,22.4,1
BARMM,Bangsamoro Autonomous Region in Muslim Mindanao,2018,7,2018-07,train,938,6,22.57,26.1,341.6,84.3,1,4155128,113.37,27.71,54.2,0.2,-0.4,518.2,15.4,88.6,26.45,398,343,33.7,29,1
BARMM,Bangsamoro Autonomous Region in Muslim Mindanao,2018,8,2018-08,train,1479,8,35.59,26.05,246.7,85.4,0,4155128,113.37,27.71,54.2,0.3,-0.2,341.6,28.6,84.3,26.86,938,419,29.3,33.7,1
BARMM,Bangsamoro Autonomous Region in Muslim Mindanao,2018,9,2018-09,train,1862,10,44.81,25.7,479,86.8,0,4155128,113.37,27.71,54.2,0.5,0,246.7,203.4,85.4,26.12,1479,773,23.4,29.3,1
BARMM,Bangsamoro Autonomous Region in Muslim Mindanao,2018,10,2018-10,train,1031,8,24.81,26.64,422.4,85.8,1,4155128,113.37,27.71,54.2,0.7,0.2,479,65,86.8,26.1,1862,382,30.3,23.4,1
BARMM,Bangsamoro Autonomous Region in Muslim Mindanao,2018,11,2018-11,train,892,6,21.47,27.03,283.8,85.1,0,4155128,113.37,27.71,54.2,0.8,0.3,422.4,68.2,85.8,26.05,1031,121,28.7,30.3,1
BARMM,Bangsamoro Autonomous Region in Muslim Mindanao,2018,12,2018-12,train,472,6,11.36,26.98,330.9,86.2,0,4155128,113.37,27.71,54.2,0.8,0.5,283.8,93.3,85.1,25.7,892,152,22.9,28.7,1
BARMM,Bangsamoro Autonomous Region in Muslim Mindanao,2019,1,2019-01,test,451,2,10.54,25.91,118.2,82.4,0,4279708,116.77,27.63,54.2,0.7,0.7,330.9,-57.3,86.2,26.64,472,309,26.6,22.9,1
BARMM,Bangsamoro Autonomous Region in Muslim Mindanao,2019,2,2019-02,test,315,0,7.36,26.89,92.5,81.3,0,4279708,116.77,27.63,54.2,0.7,0.8,118.2,-19,82.4,27.03,451,442,20.7,26.6,1
BARMM,Bangsamoro Autonomous Region in Muslim Mindanao,2019,3,2019-03,test,383,2,8.95,26.37,174.9,78.2,0,4279708,116.77,27.63,54.2,0.7,0.8,92.5,11.6,81.3,26.98,315,242,12.7,20.7,1
BARMM,Bangsamoro Autonomous Region in Muslim Mindanao,2019,4,2019-04,test,65,1,1.52,27.28,369.4,81.8,0,4279708,116.77,27.63,54.2,0.7,0.7,174.9,198.4,78.2,25.91,383,175,26.5,12.7,1
BARMM,Bangsamoro Autonomous Region in Muslim Mindanao,2019,5,2019-05,test,380,1,8.88,27.22,406.2,83.6,0,4279708,116.77,27.63,54.2,0.6,0.7,369.4,96.6,81.8,26.89,65,165,21.6,26.5,1
BARMM,Bangsamoro Autonomous Region in Muslim Mindanao,2019,6,2019-06,test,855,3,19.98,27.02,278,82,0,4279708,116.77,27.63,54.2,0.5,0.7,406.2,-63.9,83.6,26.37,380,398,37.8,21.6,1
BARMM,Bangsamoro Autonomous Region in Muslim Mindanao,2019,7,2019-07,test,1921,14,44.89,26.22,370.7,86.1,0,4279708,116.77,27.63,54.2,0.3,0.7,278,44.5,82,27.28,855,938,26.2,37.8,1
BARMM,Bangsamoro Autonomous Region in Muslim Mindanao,2019,8,2019-08,test,1374,7,32.1,26.21,282.1,86.2,0,4279708,116.77,27.63,54.2,0.2,0.6,370.7,64,86.1,27.22,1921,1479,33,26.2,1
BARMM,Bangsamoro Autonomous Region in Muslim Mindanao,2019,9,2019-09,test,1150,4,26.87,26.43,304.7,86,0,4279708,116.77,27.63,54.2,0.2,0.5,282.1,29,86.2,27.02,1374,1862,31.3,33,1
BARMM,Bangsamoro Autonomous Region in Muslim Mindanao,2019,10,2019-10,test,1216,8,28.41,25.96,357.8,84.7,0,4279708,116.77,27.63,54.2,0.3,0.3,304.7,0.4,86,26.22,1150,1031,19.7,31.3,1
BARMM,Bangsamoro Autonomous Region in Muslim Mindanao,2019,11,2019-11,test,626,3,14.63,26.26,148.3,83.3,0,4279708,116.77,27.63,54.2,0.5,0.2,357.8,-67.3,84.7,26.21,1216,892,28.6,19.7,1
BARMM,Bangsamoro Autonomous Region in Muslim Mindanao,2019,12,2019-12,test,556,1,12.99,25.54,168.2,80.9,0,4279708,116.77,27.63,54.2,0.5,0.2,148.3,-69.4,83.3,26.43,626,472,21.7,28.6,1
BARMM,Bangsamoro Autonomous Region in Muslim Mindanao,2020,1,2020-01,diagnostic_excluded,199,0,4.52,26.79,371.6,86.4,0,4404288,120.17,27.56,54.2,0.5,0.3,168.2,196,80.9,25.96,556,451,21.5,21.7,1
BARMM,Bangsamoro Autonomous Region in Muslim Mindanao,2020,2,2020-02,diagnostic_excluded,146,1,3.31,25.83,200.3,81,0,4404288,120.17,27.56,54.2,0.5,0.5,371.6,88.8,86.4,26.26,199,315,30.3,21.5,1
BARMM,Bangsamoro Autonomous Region in Muslim Mindanao,2020,3,2020-03,diagnostic_excluded,143,1,3.25,26.76,188.3,78.3,0,4404288,120.17,27.56,54.2,0.4,0.5,200.3,25,81,25.54,146,383,20.3,30.3,1
BARMM,Bangsamoro Autonomous Region in Muslim Mindanao,2020,4,2020-04,diagnostic_excluded,91,1,2.07,27.13,255.2,81.7,0,4404288,120.17,27.56,54.2,0.2,0.5,188.3,84.2,78.3,26.79,143,65,24.7,20.3,1
BARMM,Bangsamoro Autonomous Region in Muslim Mindanao,2020,5,2020-05,diagnostic_excluded,117,2,2.66,27.9,287.3,83.1,0,4404288,120.17,27.56,54.2,0,0.5,255.2,-22.3,81.7,25.83,91,380,29.7,24.7,1
BARMM,Bangsamoro Autonomous Region in Muslim Mindanao,2020,6,2020-06,diagnostic_excluded,221,2,5.02,26.68,381.6,83.2,0,4404288,120.17,27.56,54.2,-0.3,0.4,287.3,39.6,83.1,26.76,117,855,26.4,29.7,1
BARMM,Bangsamoro Autonomous Region in Muslim Mindanao,2020,7,2020-07,diagnostic_excluded,411,1,9.33,26.47,204.3,79.4,0,4404288,120.17,27.56,54.2,-0.4,0.2,381.6,-121.9,83.2,27.13,221,1921,30.3,26.4,1
BARMM,Bangsamoro Autonomous Region in Muslim Mindanao,2020,8,2020-08,diagnostic_excluded,675,2,15.33,25.9,337.4,86.5,0,4404288,120.17,27.56,54.2,-0.6,0,204.3,119.3,79.4,27.9,411,1374,19.4,30.3,1
BARMM,Bangsamoro Autonomous Region in Muslim Mindanao,2020,9,2020-09,diagnostic_excluded,313,0,7.11,25.55,271.4,84.7,0,4404288,120.17,27.56,54.2,-0.9,-0.3,337.4,-4.2,86.5,26.68,675,1150,28,19.4,1
BARMM,Bangsamoro Autonomous Region in Muslim Mindanao,2020,10,2020-10,diagnostic_excluded,522,5,11.85,26.15,361,84.1,0,4404288,120.17,27.56,54.2,-1.2,-0.4,271.4,3.6,84.7,26.47,313,1216,19.2,28,1
BARMM,Bangsamoro Autonomous Region in Muslim Mindanao,2020,11,2020-11,diagnostic_excluded,329,1,7.47,26.14,308.7,85.2,0,4404288,120.17,27.56,54.2,-1.3,-0.6,361,93.1,84.1,25.9,522,626,28.7,19.2,1
BARMM,Bangsamoro Autonomous Region in Muslim Mindanao,2020,12,2020-12,diagnostic_excluded,103,1,2.34,25.41,318.6,85.6,0,4404288,120.17,27.56,54.2,-1.2,-0.9,308.7,81,85.2,25.55,329,556,22.1,28.7,1
CAR,Cordillera Administrative Region,2016,1,2016-01,train,64,0,3.68,21.71,161.1,85.3,0,1737137,87.65,31.04,14.26,2,2.1,75.6,41.6,81,24.28,157,108,19.9,24.7,1
CAR,Cordillera Administrative Region,2016,2,2016-02,train,52,0,2.99,21.64,197.8,84.6,0,1737137,87.65,31.04,14.26,1.9,2.2,161.1,81.8,85.3,23.87,64,99,17.1,19.9,1
CAR,Cordillera Administrative Region,2016,3,2016-03,train,29,0,1.67,23.18,129.2,81.2,1,1737137,87.65,31.04,14.26,1.6,2.3,197.8,31.7,84.6,22.04,52,68,24.7,17.1,1
CAR,Cordillera Administrative Region,2016,4,2016-04,train,22,0,1.27,24,203.7,83.2,0,1737137,87.65,31.04,14.26,1.1,2,129.2,69.3,81.2,21.71,29,80,10.9,24.7,1
CAR,Cordillera Administrative Region,2016,5,2016-05,train,73,0,4.2,24.74,479.5,85.2,0,1737137,87.65,31.04,14.26,0.6,1.9,203.7,140.8,83.2,21.64,22,75,21.6,10.9,1
CAR,Cordillera Administrative Region,2016,6,2016-06,train,119,1,6.85,25.63,475.9,86.9,0,1737137,87.65,31.04,14.26,0.1,1.6,479.5,148.5,85.2,23.18,73,190,37.7,21.6,1
CAR,Cordillera Administrative Region,2016,7,2016-07,train,101,0,5.81,24.33,793.9,92.4,0,1737137,87.65,31.04,14.26,-0.2,1.1,475.9,349,86.9,24,119,510,31.5,37.7,1
CAR,Cordillera Administrative Region,2016,8,2016-08,train,161,3,9.27,24.48,440.5,86.1,0,1737137,87.65,31.04,14.26,-0.4,0.6,793.9,-47.7,92.4,24.74,101,512,42,31.5,1
CAR,Cordillera Administrative Region,2016,9,2016-09,train,448,2,25.79,23.63,315.9,84.7,0,1737137,87.65,31.04,14.26,-0.5,0.1,440.5,-8,86.1,25.63,161,643,30.5,42,1
CAR,Cordillera Administrative Region,2016,10,2016-10,train,474,3,27.29,23.34,399.4,87.1,0,1737137,87.65,31.04,14.26,-0.6,-0.2,315.9,90.1,84.7,24.33,448,972,25.1,30.5,1
CAR,Cordillera Administrative Region,2016,11,2016-11,train,168,0,9.67,22.88,144.6,84,0,1737137,87.65,31.04,14.26,-0.6,-0.4,399.4,-96.4,87.1,24.48,474,322,25.9,25.1,1
CAR,Cordillera Administrative Region,2016,12,2016-12,train,60,0,3.45,21.04,244.3,85.6,0,1737137,87.65,31.04,14.26,-0.6,-0.5,144.6,-31.7,84,23.63,168,157,24.4,25.9,1
CAR,Cordillera Administrative Region,2017,1,2017-01,train,89,0,5.08,20.87,328.4,89.5,0,1752268,88.42,31.6,11.43,-0.4,-0.6,244.3,208.9,85.6,23.34,60,64,30.7,24.4,1
CAR,Cordillera Administrative Region,2017,2,2017-02,train,57,0,3.25,20.64,82.7,83.3,1,1752268,88.42,31.6,11.43,-0.4,-0.6,328.4,-33.2,89.5,22.88,89,52,27.7,30.7,1
CAR,Cordillera Administrative Region,2017,3,2017-03,train,62,0,3.54,22.95,150.7,83.6,0,1752268,88.42,31.6,11.43,-0.2,-0.6,82.7,53.2,83.3,21.04,57,29,19.5,27.7,1
CAR,Cordillera Administrative Region,2017,4,2017-04,train,36,0,2.05,24.18,101.6,81.1,0,1752268,88.42,31.6,11.43,0,-0.4,150.7,-32.8,83.6,20.87,62,22,20.9,19.5,1
CAR,Cordillera Administrative Region,2017,5,2017-05,train,40,0,2.28,24.72,435.8,86.3,0,1752268,88.42,31.6,11.43,0.1,-0.4,101.6,97.1,81.1,20.64,36,73,14.4,20.9,1
CAR,Cordillera Administrative Region,2017,6,2017-06,train,89,0,5.08,24.79,315.3,83.5,0,1752268,88.42,31.6,11.43,0.1,-0.2,435.8,-12,86.3,22.95,40,119,30.5,14.4,1
CAR,Cordillera Administrative Region,2017,7,2017-07,train,246,0,14.04,24.8,393.1,83.2,0,1752268,88.42,31.6,11.43,0,0,315.3,-51.8,83.5,24.18,89,101,17.5,30.5,1
CAR,Cordillera Administrative Region,2017,8,2017-08,train,385,3,21.97,24.31,362.4,84.3,0,1752268,88.42,31.6,11.43,-0.2,0.1,393.1,-125.8,83.2,24.72,246,161,29.1,17.5,1
CAR,Cordillera Administrative Region,2017,9,2017-09,train,496,1,28.31,23.64,207.9,82.8,0,1752268,88.42,31.6,11.43,-0.5,0.1,362.4,-116,84.3,24.79,385,448,23.5,29.1,1
CAR,Cordillera Administrative Region,2017,10,2017-10,train,261,1,14.89,22.97,554.8,89.9,0,1752268,88.42,31.6,11.43,-0.7,0,207.9,245.5,82.8,24.8,496,474,19.2,23.5,1
CAR,Cordillera Administrative Region,2017,11,2017-11,train,278,0,15.87,22.62,616.6,96.8,0,1752268,88.42,31.6,11.43,-0.8,-0.2,554.8,375.5,89.9,24.31,261,168,31,19.2,1
CAR,Cordillera Administrative Region,2017,12,2017-12,train,134,0,7.65,21.01,237,86.7,0,1752268,88.42,31.6,11.43,-0.9,-0.5,616.6,-39,96.8,23.64,278,60,42,31,1
CAR,Cordillera Administrative Region,2018,1,2018-01,train,48,1,2.72,20.7,112.5,85.7,0,1767398,89.18,32.17,8.6,-0.9,-0.7,237,-6.9,86.7,22.97,134,89,31.8,42,1
CAR,Cordillera Administrative Region,2018,2,2018-02,train,87,0,4.92,20.83,118.5,84.3,0,1767398,89.18,32.17,8.6,-0.8,-0.8,112.5,2.5,85.7,22.62,48,57,14.6,31.8,1
CAR,Cordillera Administrative Region,2018,3,2018-03,train,51,0,2.89,23.15,85.4,79.4,0,1767398,89.18,32.17,8.6,-0.6,-0.9,118.5,-12.1,84.3,21.01,87,62,25.4,14.6,1
CAR,Cordillera Administrative Region,2018,4,2018-04,train,62,0,3.51,23.48,171.3,83.3,0,1767398,89.18,32.17,8.6,-0.4,-0.9,85.4,36.9,79.4,20.7,51,36,20.3,25.4,1
CAR,Cordillera Administrative Region,2018,5,2018-05,train,64,1,3.62,24.74,737.8,92.3,0,1767398,89.18,32.17,8.6,-0.2,-0.8,171.3,399.1,83.3,20.83,62,40,15.9,20.3,1
CAR,Cordillera Administrative Region,2018,6,2018-06,train,175,1,9.9,25.45,243.6,81.6,0,1767398,89.18,32.17,8.6,0,-0.6,737.8,-83.8,92.3,23.15,64,89,42,15.9,1
CAR,Cordillera Administrative Region,2018,7,2018-07,train,296,1,16.75,25.08,707.4,91.2,0,1767398,89.18,32.17,8.6,0.2,-0.4,243.6,262.5,81.6,23.48,175,246,20.1,42,1
CAR,Cordillera Administrative Region,2018,8,2018-08,train,236,1,13.35,24.11,212.3,82,0,1767398,89.18,32.17,8.6,0.3,-0.2,707.4,-275.9,91.2,24.74,296,385,42,20.1,1
CAR,Cordillera Administrative Region,2018,9,2018-09,train,319,2,18.05,24.11,183.1,83.4,0,1767398,89.18,32.17,8.6,0.5,0,212.3,-140.8,82,25.45,236,496,20.4,42,1
CAR,Cordillera Administrative Region,2018,10,2018-10,train,245,1,13.86,22.97,244.7,85.1,0,1767398,89.18,32.17,8.6,0.7,0.2,183.1,-64.6,83.4,25.08,319,261,17.4,20.4,1
CAR,Cordillera Administrative Region,2018,11,2018-11,train,199,1,11.26,22.34,324.6,87.1,0,1767398,89.18,32.17,8.6,0.8,0.3,244.7,83.6,85.1,24.11,245,278,23.5,17.4,1
CAR,Cordillera Administrative Region,2018,12,2018-12,train,110,0,6.22,21.9,428,89.3,0,1767398,89.18,32.17,8.6,0.8,0.5,324.6,151.9,87.1,24.11,199,134,25.3,23.5,1
CAR,Cordillera Administrative Region,2019,1,2019-01,test,214,1,12.01,20.8,156.3,86.3,0,1782529,89.94,32.74,8.6,0.7,0.7,428,36.8,89.3,22.97,110,48,31.6,25.3,1
CAR,Cordillera Administrative Region,2019,2,2019-02,test,112,0,6.28,20.93,103.5,84.7,0,1782529,89.94,32.74,8.6,0.7,0.8,156.3,-12.4,86.3,22.34,214,87,21.8,31.6,1
CAR,Cordillera Administrative Region,2019,3,2019-03,test,93,0,5.22,22.73,114.1,80.8,0,1782529,89.94,32.74,8.6,0.7,0.8,103.5,16.6,84.7,21.9,112,51,19.8,21.8,1
CAR,Cordillera Administrative Region,2019,4,2019-04,test,100,0,5.61,24.59,179.6,83.2,0,1782529,89.94,32.74,8.6,0.7,0.7,114.1,45.2,80.8,20.8,93,62,17.9,19.8,1
CAR,Cordillera Administrative Region,2019,5,2019-05,test,88,1,4.94,25.34,478.3,85.7,0,1782529,89.94,32.74,8.6,0.6,0.7,179.6,139.6,83.2,20.93,100,64,27,17.9,1
CAR,Cordillera Administrative Region,2019,6,2019-06,test,186,1,10.43,25.46,331.9,81.8,0,1782529,89.94,32.74,8.6,0.5,0.7,478.3,4.5,85.7,22.73,88,175,26.3,27,1
CAR,Cordillera Administrative Region,2019,7,2019-07,test,656,3,36.8,24.91,832.3,93.5,0,1782529,89.94,32.74,8.6,0.3,0.7,331.9,387.4,81.8,24.59,186,296,31.7,26.3,1
CAR,Cordillera Administrative Region,2019,8,2019-08,test,566,5,31.75,24.39,435.1,84.1,0,1782529,89.94,32.74,8.6,0.2,0.6,832.3,-53.1,93.5,25.34,656,236,42,31.7,1
CAR,Cordillera Administrative Region,2019,9,2019-09,test,1169,11,65.58,24.07,301.2,86.9,0,1782529,89.94,32.74,8.6,0.2,0.5,435.1,-22.7,84.1,25.46,566,319,31.8,42,1
CAR,Cordillera Administrative Region,2019,10,2019-10,test,528,0,29.62,24.15,254.1,84.7,0,1782529,89.94,32.74,8.6,0.3,0.3,301.2,-55.2,86.9,24.91,1169,245,24,31.8,1
CAR,Cordillera Administrative Region,2019,11,2019-11,test,385,0,21.6,22.31,321.7,87.5,0,1782529,89.94,32.74,8.6,0.5,0.2,254.1,80.7,84.7,24.39,528,199,22.3,24,1
CAR,Cordillera Administrative Region,2019,12,2019-12,test,210,2,11.78,21.95,218.1,84.9,0,1782529,89.94,32.74,8.6,0.5,0.2,321.7,-57.9,87.5,24.07,385,110,27.3,22.3,1
CAR,Cordillera Administrative Region,2020,1,2020-01,diagnostic_excluded,207,1,11.51,21.27,54.9,82.7,0,1797660,90.71,33.3,8.6,0.5,0.3,218.1,-64.5,84.9,24.15,210,214,18.8,27.3,1
CAR,Cordillera Administrative Region,2020,2,2020-02,diagnostic_excluded,80,1,4.45,21.32,114.3,81.1,0,1797660,90.71,33.3,8.6,0.5,0.5,54.9,-1.7,82.7,22.31,207,112,20.4,18.8,1
CAR,Cordillera Administrative Region,2020,3,2020-03,diagnostic_excluded,34,0,1.89,23.88,103.6,78.9,0,1797660,90.71,33.3,8.6,0.4,0.5,114.3,6.1,81.1,21.95,80,93,18.4,20.4,1
CAR,Cordillera Administrative Region,2020,4,2020-04,diagnostic_excluded,28,0,1.56,24.07,103,82.4,0,1797660,90.71,33.3,8.6,0.2,0.5,103.6,-31.4,78.9,21.27,34,100,16.2,18.4,1
CAR,Cordillera Administrative Region,2020,5,2020-05,diagnostic_excluded,67,1,3.73,24.89,263.9,81.3,0,1797660,90.71,33.3,8.6,0,0.5,103,-74.8,82.4,21.32,28,88,13.4,16.2,1
CAR,Cordillera Administrative Region,2020,6,2020-06,diagnostic_excluded,147,2,8.18,24.96,207.8,80.2,0,1797660,90.71,33.3,8.6,-0.3,0.4,263.9,-119.5,81.3,23.88,67,186,21.1,13.4,1
CAR,Cordillera Administrative Region,2020,7,2020-07,diagnostic_excluded,287,2,15.97,23.84,683.4,89.4,0,1797660,90.71,33.3,8.6,-0.4,0.2,207.8,238.5,80.2,24.07,147,656,22.5,21.1,1
CAR,Cordillera Administrative Region,2020,8,2020-08,diagnostic_excluded,645,6,35.88,24,713.6,92.9,0,1797660,90.71,33.3,8.6,-0.6,0,683.4,225.4,89.4,24.89,287,566,40.5,22.5,1
CAR,Cordillera Administrative Region,2020,9,2020-09,diagnostic_excluded,664,3,36.94,24.33,253,83.3,0,1797660,90.71,33.3,8.6,-0.9,-0.3,713.6,-71,92.9,24.96,645,1169,42,40.5,1
CAR,Cordillera Administrative Region,2020,10,2020-10,diagnostic_excluded,529,3,29.43,23.21,293.5,86.1,0,1797660,90.71,33.3,8.6,-1.2,-0.4,253,-15.8,83.3,23.84,664,528,18.7,42,1
CAR,Cordillera Administrative Region,2020,11,2020-11,diagnostic_excluded,224,1,12.46,22.7,383.4,90.3,1,1797660,90.71,33.3,8.6,-1.3,-0.6,293.5,142.4,86.1,24,529,385,24,18.7,1
CAR,Cordillera Administrative Region,2020,12,2020-12,diagnostic_excluded,182,2,10.12,21.8,539.3,92.1,0,1797660,90.71,33.3,8.6,-1.2,-0.9,383.4,263.3,90.3,24.33,224,210,25.9,24,1
NCR,National Capital Region,2016,1,2016-01,train,771,2,5.93,26.89,118.8,79.8,1,12998695,20981.2,100,2.33,2,2.1,357.4,51.3,83.9,28.92,2220,1069,31.3,30.1,1
NCR,National Capital Region,2016,2,2016-02,train,877,3,6.75,27.4,48.8,74.2,0,12998695,20981.2,100,2.33,1.9,2.2,118.8,34.8,79.8,29.83,771,785,19,31.3,1
NCR,National Capital Region,2016,3,2016-03,train,739,2,5.69,29.28,44.3,71.2,3,12998695,20981.2,100,2.33,1.6,2.3,48.8,33.3,74.2,28.46,877,893,12.8,19,1
NCR,National Capital Region,2016,4,2016-04,train,370,1,2.85,30.61,62.9,70.3,3,12998695,20981.2,100,2.33,1.1,2,44.3,44.5,71.2,26.89,739,998,17.4,12.8,1
NCR,National Capital Region,2016,5,2016-05,train,805,0,6.19,30.3,161.7,74.2,3,12998695,20981.2,100,2.33,0.6,1.9,62.9,19,70.3,27.4,370,960,15,17.4,1
NCR,National Capital Region,2016,6,2016-06,train,1156,4,8.89,29.25,270.7,79.7,0,12998695,20981.2,100,2.33,0.1,1.6,161.7,6.4,74.2,29.28,805,1849,25,15,1
NCR,National Capital Region,2016,7,2016-07,train,2439,12,18.76,28.12,237.5,78.7,0,12998695,20981.2,100,2.33,-0.2,1.1,270.7,-189.2,79.7,30.61,1156,1455,31,25,1
NCR,National Capital Region,2016,8,2016-08,train,3342,8,25.71,27.77,497.8,87.7,0,12998695,20981.2,100,2.33,-0.4,0.6,237.5,76.3,78.7,30.3,2439,5832,27.2,31,1
NCR,National Capital Region,2016,9,2016-09,train,2827,11,21.75,28.04,284.8,83.6,0,12998695,20981.2,100,2.33,-0.5,0.1,497.8,-34.5,87.7,29.25,3342,6402,34.4,27.2,1
NCR,National Capital Region,2016,10,2016-10,train,2103,7,16.18,27.87,331,81.1,0,12998695,20981.2,100,2.33,-0.6,-0.2,284.8,70.2,83.6,28.12,2827,3911,25.2,34.4,1
NCR,National Capital Region,2016,11,2016-11,train,1771,5,13.62,27.85,61.5,78.7,0,12998695,20981.2,100,2.33,-0.6,-0.4,331,-49.6,81.1,27.77,2103,4642,29.9,25.2,1
NCR,National Capital Region,2016,12,2016-12,train,1122,5,8.63,27.02,158.3,78.6,0,12998695,20981.2,100,2.33,-0.6,-0.5,61.5,-30.6,78.7,28.04,1771,2220,14.4,29.9,1
NCR,National Capital Region,2017,1,2017-01,train,774,2,5.9,26.3,48.2,77.2,0,13120137,21177.22,100,1.88,-0.4,-0.6,158.3,-19.3,78.6,27.87,1122,771,21.5,14.4,1
NCR,National Capital Region,2017,2,2017-02,train,392,0,2.99,26.52,11.2,74.9,0,13120137,21177.22,100,1.88,-0.4,-0.6,48.2,-2.9,77.2,27.85,774,877,19,21.5,1
NCR,National Capital Region,2017,3,2017-03,train,465,2,3.54,27.36,7.4,69.8,0,13120137,21177.22,100,1.88,-0.2,-0.6,11.2,-3.6,74.9,27.02,392,739,16.7,19,1
NCR,National Capital Region,2017,4,2017-04,train,545,2,4.15,29.28,9.3,68.3,2,13120137,21177.22,100,1.88,0,-0.4,7.4,-9.1,69.8,26.3,465,370,20,16.7,1
NCR,National Capital Region,2017,5,2017-05,train,275,1,2.1,30.09,66,71.8,3,13120137,21177.22,100,1.88,0.1,-0.4,9.3,-76.8,68.3,26.52,545,805,7.5,20,1
NCR,National Capital Region,2017,6,2017-06,train,631,3,4.81,29.08,175.4,77.3,2,13120137,21177.22,100,1.88,0.1,-0.2,66,-88.9,71.8,27.36,275,1156,13.5,7.5,1
NCR,National Capital Region,2017,7,2017-07,train,912,1,6.95,27.86,455.9,85.6,0,13120137,21177.22,100,1.88,0,0,175.4,29.2,77.3,29.28,631,2439,16.7,13.5,1
NCR,National Capital Region,2017,8,2017-08,train,2554,12,19.47,27.88,900,94.1,0,13120137,21177.22,100,1.88,-0.2,0.1,455.9,478.5,85.6,30.09,912,3342,27.5,16.7,1
NCR,National Capital Region,2017,9,2017-09,train,4026,9,30.69,28.72,830.6,95.7,0,13120137,21177.22,100,1.88,-0.5,0.1,900,511.3,94.1,29.08,2554,2827,42,27.5,1
NCR,National Capital Region,2017,10,2017-10,train,4070,14,31.02,28.51,114.2,79.1,0,13120137,21177.22,100,1.88,-0.7,0,830.6,-146.7,95.7,27.86,4026,2103,42,42,1
NCR,National Capital Region,2017,11,2017-11,train,1710,7,13.03,27.56,35.6,77.7,0,13120137,21177.22,100,1.88,-0.8,-0.2,114.2,-75.5,79.1,27.88,4070,1771,20.7,42,1
NCR,National Capital Region,2017,12,2017-12,train,933,6,7.11,26.97,206.2,79.4,0,13120137,21177.22,100,1.88,-0.9,-0.5,35.6,17.4,77.7,28.72,1710,1122,17.3,20.7,1
NCR,National Capital Region,2018,1,2018-01,train,1228,6,9.27,26.3,56.8,79.1,0,13241578,21373.24,100,1.43,-0.9,-0.7,206.2,-10.7,79.4,28.51,933,774,20.7,17.3,1
NCR,National Capital Region,2018,2,2018-02,train,1416,4,10.69,26.44,3.7,71.3,0,13241578,21373.24,100,1.43,-0.8,-0.8,56.8,-10.4,79.1,27.56,1228,392,13.2,20.7,1
NCR,National Capital Region,2018,3,2018-03,train,961,3,7.26,28.26,5.3,73,2,13241578,21373.24,100,1.43,-0.6,-0.9,3.7,-5.7,71.3,26.97,1416,465,10.7,13.2,1
NCR,National Capital Region,2018,4,2018-04,train,455,1,3.44,29.67,8.2,67.3,2,13241578,21373.24,100,1.43,-0.4,-0.9,5.3,-10.2,73,26.3,961,545,15.6,10.7,1
NCR,National Capital Region,2018,5,2018-05,train,1265,6,9.55,30.02,206.3,77.5,2,13241578,21373.24,100,1.43,-0.2,-0.8,8.2,63.6,67.3,26.44,455,275,15.4,15.6,1
NCR,National Capital Region,2018,6,2018-06,train,1709,4,12.91,28.35,194.1,77.5,0,13241578,21373.24,100,1.43,0,-0.6,206.3,-70.2,77.5,28.26,1265,631,24.8,15.4,1
NCR,National Capital Region,2018,7,2018-07,train,4997,14,37.74,27.84,289.9,81,0,13241578,21373.24,100,1.43,0.2,-0.4,194.1,-136.8,77.5,29.67,1709,912,19,24.8,1
NCR,National Capital Region,2018,8,2018-08,train,6745,19,50.94,27.25,900,95.2,0,13241578,21373.24,100,1.43,0.3,-0.2,289.9,478.5,81,30.02,4997,2554,21.5,19,1
NCR,National Capital Region,2018,9,2018-09,train,6354,31,47.99,27.98,355.5,83.9,0,13241578,21373.24,100,1.43,0.5,0,900,36.3,95.2,28.35,6745,4026,42,21.5,1
NCR,National Capital Region,2018,10,2018-10,train,4967,21,37.51,27.74,184.5,78.5,0,13241578,21373.24,100,1.43,0.7,0.2,355.5,-76.4,83.9,27.84,6354,4070,25.7,42,1
NCR,National Capital Region,2018,11,2018-11,train,2437,12,18.4,27.68,144.5,78.7,0,13241578,21373.24,100,1.43,0.8,0.3,184.5,33.4,78.5,27.25,4967,1710,16.8,25.7,1
NCR,National Capital Region,2018,12,2018-12,train,1962,8,14.82,27.98,221.8,80.1,0,13241578,21373.24,100,1.43,0.8,0.5,144.5,33,78.7,27.98,2437,933,21.5,16.8,1
NCR,National Capital Region,2019,1,2019-01,test,4600,22,34.42,26.6,104.9,78.7,0,13363020,21569.26,100,1.43,0.7,0.7,221.8,37.3,80.1,27.74,1962,1228,20.3,21.5,1
NCR,National Capital Region,2019,2,2019-02,test,3743,12,28.01,27.56,38.1,73.5,1,13363020,21569.26,100,1.43,0.7,0.8,104.9,24,78.7,27.68,4600,1416,15.3,20.3,1
NCR,National Capital Region,2019,3,2019-03,test,2258,7,16.9,27.6,16.7,72.4,0,13363020,21569.26,100,1.43,0.7,0.8,38.1,5.7,73.5,27.98,3743,961,12,15.3,1
NCR,National Capital Region,2019,4,2019-04,test,3509,13,26.26,29.92,48.2,69.3,5,13363020,21569.26,100,1.43,0.7,0.7,16.7,29.8,72.4,26.6,2258,455,23,12,1
NCR,National Capital Region,2019,5,2019-05,test,4563,8,34.15,30.14,183.6,72.6,4,13363020,21569.26,100,1.43,0.6,0.7,48.2,40.9,69.3,27.56,3509,1265,21.9,23,1
NCR,National Capital Region,2019,6,2019-06,test,5292,12,39.6,29.53,145.1,76.7,1,13363020,21569.26,100,1.43,0.5,0.7,183.6,-119.2,72.6,27.6,4563,1709,25,21.9,1
NCR,National Capital Region,2019,7,2019-07,test,16558,69,123.91,28.22,392.7,83.4,0,13363020,21569.26,100,1.43,0.3,0.7,145.1,-34.1,76.7,29.92,5292,4997,22.9,25,1
NCR,National Capital Region,2019,8,2019-08,test,21132,92,158.14,27.97,413.8,84,0,13363020,21569.26,100,1.43,0.2,0.6,392.7,-7.6,83.4,30.14,16558,6745,28.4,22.9,1
NCR,National Capital Region,2019,9,2019-09,test,26135,105,195.58,28.13,250.6,82.2,0,13363020,21569.26,100,1.43,0.2,0.5,413.8,-68.6,84,29.53,21132,6354,28.1,28.4,1
NCR,National Capital Region,2019,10,2019-10,test,7185,27,53.77,28.45,143.3,76.8,0,13363020,21569.26,100,1.43,0.3,0.3,250.6,-117.5,82.2,28.22,26135,4967,24.8,28.1,1
NCR,National Capital Region,2019,11,2019-11,test,7014,25,52.49,27.3,127.8,76.9,0,13363020,21569.26,100,1.43,0.5,0.2,143.3,16.6,76.8,27.97,7185,2437,23.6,24.8,1
NCR,National Capital Region,2019,12,2019-12,test,5925,9,44.34,27.72,382.9,83.9,0,13363020,21569.26,100,1.43,0.5,0.2,127.8,194.1,76.9,28.13,7014,1962,23.3,23.6,1
NCR,National Capital Region,2020,1,2020-01,diagnostic_excluded,2870,8,21.28,27.61,143.2,78.7,0,13484462,21765.28,100,1.43,0.5,0.3,382.9,75.7,83.9,28.45,5925,4600,33.9,23.3,1
NCR,National Capital Region,2020,2,2020-02,diagnostic_excluded,1210,6,8.97,26.79,25.3,72.7,0,13484462,21765.28,100,1.43,0.5,0.5,143.2,11.3,78.7,27.3,2870,3743,20,33.9,1
NCR,National Capital Region,2020,3,2020-03,diagnostic_excluded,922,3,6.84,28.16,23.4,72.1,1,13484462,21765.28,100,1.43,0.4,0.5,25.3,12.4,72.7,27.72,1210,2258,14.1,20,1
NCR,National Capital Region,2020,4,2020-04,diagnostic_excluded,1050,3,7.79,29.35,20,68.5,2,13484462,21765.28,100,1.43,0.2,0.5,23.4,1.6,72.1,27.61,922,3509,11.5,14.1,1
NCR,National Capital Region,2020,5,2020-05,diagnostic_excluded,1057,5,7.84,30.18,71,70.1,3,13484462,21765.28,100,1.43,0,0.5,20,-71.7,68.5,26.79,1050,4563,16.8,11.5,1
NCR,National Capital Region,2020,6,2020-06,diagnostic_excluded,1187,4,8.8,29.76,71.2,75.1,1,13484462,21765.28,100,1.43,-0.3,0.4,71,-193.1,70.1,28.16,1057,5292,13.9,16.8,1
NCR,National Capital Region,2020,7,2020-07,diagnostic_excluded,2526,9,18.73,27.29,421.8,83.7,0,13484462,21765.28,100,1.43,-0.4,0.2,71.2,-4.9,75.1,29.35,1187,16558,16.7,13.9,1
NCR,National Capital Region,2020,8,2020-08,diagnostic_excluded,5138,15,38.1,27.79,264.6,83.1,0,13484462,21765.28,100,1.43,-0.6,0,421.8,-156.9,83.7,30.18,2526,21132,34.9,16.7,1
NCR,National Capital Region,2020,9,2020-09,diagnostic_excluded,6584,19,48.83,27.74,357.6,84.3,0,13484462,21765.28,100,1.43,-0.9,-0.3,264.6,38.4,83.1,29.76,5138,26135,26.9,34.9,1
NCR,National Capital Region,2020,10,2020-10,diagnostic_excluded,3675,15,27.25,28.42,212,80.3,0,13484462,21765.28,100,1.43,-1.2,-0.4,357.6,-48.9,84.3,27.29,6584,7185,25.4,26.9,1
NCR,National Capital Region,2020,11,2020-11,diagnostic_excluded,3929,14,29.14,27.75,71.9,79.7,0,13484462,21765.28,100,1.43,-1.3,-0.6,212,-39.3,80.3,27.79,3675,7014,23.4,25.4,1
NCR,National Capital Region,2020,12,2020-12,diagnostic_excluded,2223,12,16.49,27.24,143,78.9,0,13484462,21765.28,100,1.43,-1.2,-0.9,71.9,-45.8,79.7,27.74,3929,5925,19.5,23.4,1
R1,Region I (Ilocos Region),2016,1,2016-01,train,459,1,9.03,25.91,129.5,79.2,0,5081130,391.92,21.49,11.65,2,2.1,129.1,84.2,80.4,26.74,359,174,17.5,26.5,1
R1,Region I (Ilocos Region),2016,2,2016-02,train,409,1,8.05,25.37,79.4,76.1,0,5081130,391.92,21.49,11.65,1.9,2.2,129.5,41.8,79.2,26.9,459,155,18.3,17.5,1
R1,Region I (Ilocos Region),2016,3,2016-03,train,326,0,6.42,27.13,94.8,76.7,0,5081130,391.92,21.49,11.65,1.6,2.3,79.4,64.5,76.1,25.21,409,249,17,18.3,1
R1,Region I (Ilocos Region),2016,4,2016-04,train,124,1,2.44,27.81,107.3,75.6,0,5081130,391.92,21.49,11.65,1.1,2,94.8,40.4,76.7,25.91,326,253,17.9,17,1
R1,Region I (Ilocos Region),2016,5,2016-05,train,327,1,6.44,28.06,210.8,76.8,0,5081130,391.92,21.49,11.65,0.6,1.9,107.3,-7.2,75.6,25.37,124,170,15.8,17.9,1
R1,Region I (Ilocos Region),2016,6,2016-06,train,385,4,7.58,27.76,639.1,87.9,0,5081130,391.92,21.49,11.65,0.1,1.6,210.8,296.5,76.8,27.13,327,521,28,15.8,1
R1,Region I (Ilocos Region),2016,7,2016-07,train,731,5,14.39,26.44,199.8,79.4,0,5081130,391.92,21.49,11.65,-0.2,1.1,639.1,-304,87.9,27.81,385,797,36.5,28,1
R1,Region I (Ilocos Region),2016,8,2016-08,train,2452,14,48.26,25.83,555.9,86.4,0,5081130,391.92,21.49,11.65,-0.4,0.6,199.8,-29.2,79.4,28.06,731,1062,20.9,36.5,1
R1,Region I (Ilocos Region),2016,9,2016-09,train,1330,4,26.18,25.7,521,87.6,0,5081130,391.92,21.49,11.65,-0.5,0.1,555.9,187.3,86.4,27.76,2452,1652,40,20.9,1
R1,Region I (Ilocos Region),2016,10,2016-10,train,2173,4,42.77,26.66,201.5,80,0,5081130,391.92,21.49,11.65,-0.6,-0.2,521,-60.8,87.6,26.44,1330,1076,38.8,40,1
R1,Region I (Ilocos Region),2016,11,2016-11,train,540,2,10.63,25.88,117,79.2,0,5081130,391.92,21.49,11.65,-0.6,-0.4,201.5,-17.2,80,25.83,2173,924,23.6,38.8,1
R1,Region I (Ilocos Region),2016,12,2016-12,train,635,3,12.5,24.78,78.1,76.2,0,5081130,391.92,21.49,11.65,-0.6,-0.5,117,-23.7,79.2,25.7,540,359,22.1,23.6,1
R1,Region I (Ilocos Region),2017,1,2017-01,train,367,2,7.15,24.84,31,76.3,0,5136132,396.17,22.49,9.34,-0.4,-0.6,78.1,-14.3,76.2,26.66,635,459,15.2,22.1,1
R1,Region I (Ilocos Region),2017,2,2017-02,train,213,2,4.15,24.3,19.7,74.4,0,5136132,396.17,22.49,9.34,-0.4,-0.6,31,-17.9,76.3,25.88,367,409,13.2,15.2,1
R1,Region I (Ilocos Region),2017,3,2017-03,train,105,1,2.04,25.2,11.3,71.3,0,5136132,396.17,22.49,9.34,-0.2,-0.6,19.7,-19,74.4,24.78,213,326,16,13.2,1
R1,Region I (Ilocos Region),2017,4,2017-04,train,53,0,1.03,27.37,77.7,75.8,0,5136132,396.17,22.49,9.34,0,-0.4,11.3,10.9,71.3,24.84,105,124,16.4,16,1
R1,Region I (Ilocos Region),2017,5,2017-05,train,184,3,3.58,27.97,231.2,81.6,1,5136132,396.17,22.49,9.34,0.1,-0.4,77.7,13.2,75.8,24.3,53,327,20.9,16.4,1
R1,Region I (Ilocos Region),2017,6,2017-06,train,358,1,6.97,26.69,306.7,81.2,0,5136132,396.17,22.49,9.34,0.1,-0.2,231.2,-35.9,81.6,25.2,184,385,27.3,20.9,1
R1,Region I (Ilocos Region),2017,7,2017-07,train,1035,4,20.15,26.04,499.2,85,0,5136132,396.17,22.49,9.34,0,0,306.7,-4.6,81.2,27.37,358,731,25.8,27.3,1
R1,Region I (Ilocos Region),2017,8,2017-08,train,1245,8,24.24,26.83,490.6,83.8,0,5136132,396.17,22.49,9.34,-0.2,0.1,499.2,-94.5,85,27.97,1035,2452,31.8,25.8,1
R1,Region I (Ilocos Region),2017,9,2017-09,train,1227,1,23.89,26.33,362.5,84.3,0,5136132,396.17,22.49,9.34,-0.5,0.1,490.6,28.8,83.8,26.69,1245,1330,36.9,31.8,1
R1,Region I (Ilocos Region),2017,10,2017-10,train,1597,4,31.09,26.26,168.4,80,0,5136132,396.17,22.49,9.34,-0.7,0,362.5,-93.9,84.3,26.04,1227,2173,23.1,36.9,1
R1,Region I (Ilocos Region),2017,11,2017-11,train,335,1,6.52,25.87,129.5,80.9,0,5136132,396.17,22.49,9.34,-0.8,-0.2,168.4,-4.7,80,26.83,1597,540,19.7,23.1,1
R1,Region I (Ilocos Region),2017,12,2017-12,train,582,2,11.33,25.22,66.2,79.8,0,5136132,396.17,22.49,9.34,-0.9,-0.5,129.5,-35.6,80.9,26.33,335,635,13.6,19.7,1
R1,Region I (Ilocos Region),2018,1,2018-01,train,261,1,5.03,24.45,43.5,75.6,0,5191135,400.41,23.49,7.02,-0.9,-0.7,66.2,-1.8,79.8,26.26,582,367,13.9,13.6,1
R1,Region I (Ilocos Region),2018,2,2018-02,train,133,1,2.56,24.37,22.5,76.9,0,5191135,400.41,23.49,7.02,-0.8,-0.8,43.5,-15.1,75.6,25.87,261,213,19.1,13.9,1
R1,Region I (Ilocos Region),2018,3,2018-03,train,113,0,2.18,25.84,7.4,73.6,0,5191135,400.41,23.49,7.02,-0.6,-0.9,22.5,-22.8,76.9,25.22,133,105,15.7,19.1,1
R1,Region I (Ilocos Region),2018,4,2018-04,train,114,0,2.2,26.87,34.4,76.2,0,5191135,400.41,23.49,7.02,-0.4,-0.9,7.4,-32.5,73.6,24.45,113,53,8.1,15.7,1
R1,Region I (Ilocos Region),2018,5,2018-05,train,162,0,3.12,27.29,194.8,79.3,0,5191135,400.41,23.49,7.02,-0.2,-0.8,34.4,-23.1,76.2,24.37,114,184,14.3,8.1,1
R1,Region I (Ilocos Region),2018,6,2018-06,train,253,2,4.87,26.82,183.9,81.1,0,5191135,400.41,23.49,7.02,0,-0.6,194.8,-158.6,79.3,25.84,162,358,23.6,14.3,1
R1,Region I (Ilocos Region),2018,7,2018-07,train,607,3,11.69,26.24,900,93,0,5191135,400.41,23.49,7.02,0.2,-0.4,183.9,396.2,81.1,26.87,253,1035,18,23.6,1
R1,Region I (Ilocos Region),2018,8,2018-08,train,828,2,15.95,25.77,899.3,92.9,0,5191135,400.41,23.49,7.02,0.3,-0.2,900,314.2,93,27.29,607,1245,42,18,1
R1,Region I (Ilocos Region),2018,9,2018-09,train,2500,10,48.16,26.16,501,87.7,0,5191135,400.41,23.49,7.02,0.5,0,899.3,167.3,92.9,26.82,828,1227,42,42,1
R1,Region I (Ilocos Region),2018,10,2018-10,train,1463,7,28.18,26.66,600.3,87.1,0,5191135,400.41,23.49,7.02,0.7,0.2,501,338,87.7,26.24,2500,1597,42,42,1
R1,Region I (Ilocos Region),2018,11,2018-11,train,569,2,10.96,26.19,310.6,83.6,0,5191135,400.41,23.49,7.02,0.8,0.3,600.3,176.4,87.1,25.77,1463,335,38.3,42,1
R1,Region I (Ilocos Region),2018,12,2018-12,train,478,1,9.21,25.48,141.4,82,0,5191135,400.41,23.49,7.02,0.8,0.5,310.6,39.6,83.6,26.16,569,582,20,38.3,1
R1,Region I (Ilocos Region),2019,1,2019-01,test,1027,6,19.58,24.95,56.9,76.6,0,5246137,404.65,24.49,7.02,0.7,0.7,141.4,11.6,82,26.66,478,261,21.8,20,1
R1,Region I (Ilocos Region),2019,2,2019-02,test,670,2,12.77,25.15,67.3,75.9,0,5246137,404.65,24.49,7.02,0.7,0.8,56.9,29.7,76.6,26.19,1027,133,19.3,21.8,1
R1,Region I (Ilocos Region),2019,3,2019-03,test,499,4,9.51,26.16,91.4,75.7,0,5246137,404.65,24.49,7.02,0.7,0.8,67.3,61.2,75.9,25.48,670,113,21.9,19.3,1
R1,Region I (Ilocos Region),2019,4,2019-04,test,279,0,5.32,27.38,75.9,77.1,0,5246137,404.65,24.49,7.02,0.7,0.7,91.4,9,75.7,24.95,499,114,15.8,21.9,1
R1,Region I (Ilocos Region),2019,5,2019-05,test,406,2,7.74,27.26,371.3,80.7,0,5246137,404.65,24.49,7.02,0.6,0.7,75.9,153.4,77.1,25.15,279,162,16.1,15.8,1
R1,Region I (Ilocos Region),2019,6,2019-06,test,695,2,13.25,27.46,331.8,83.2,0,5246137,404.65,24.49,7.02,0.5,0.7,371.3,-10.8,80.7,26.16,406,253,25.2,16.1,1
R1,Region I (Ilocos Region),2019,7,2019-07,test,2801,6,53.39,26.65,555.4,85.3,0,5246137,404.65,24.49,7.02,0.3,0.7,331.8,51.6,83.2,27.38,695,607,28.6,25.2,1
R1,Region I (Ilocos Region),2019,8,2019-08,test,1985,10,37.84,25.52,827.8,92.3,0,5246137,404.65,24.49,7.02,0.2,0.6,555.4,242.7,85.3,27.26,2801,828,35.1,28.6,1
R1,Region I (Ilocos Region),2019,9,2019-09,test,6808,31,129.77,26.62,649.9,90.6,0,5246137,404.65,24.49,7.02,0.2,0.5,827.8,316.2,92.3,27.46,1985,2500,42,35.1,1
R1,Region I (Ilocos Region),2019,10,2019-10,test,6204,27,118.26,26.4,192,81.6,0,5246137,404.65,24.49,7.02,0.3,0.3,649.9,-70.3,90.6,26.65,6808,1463,39.5,42,1
R1,Region I (Ilocos Region),2019,11,2019-11,test,638,0,12.16,26.01,123.7,80.4,0,5246137,404.65,24.49,7.02,0.5,0.2,192,-10.5,81.6,25.52,6204,569,30.2,39.5,1
R1,Region I (Ilocos Region),2019,12,2019-12,test,1569,10,29.91,25.11,176.8,79,0,5246137,404.65,24.49,7.02,0.5,0.2,123.7,75,80.4,26.62,638,478,20.7,30.2,1
R1,Region I (Ilocos Region),2020,1,2020-01,diagnostic_excluded,458,2,8.64,25.03,87.4,76.7,1,5301139,408.89,25.49,7.02,0.5,0.3,176.8,42.1,79,26.4,1569,1027,21.4,20.7,1
R1,Region I (Ilocos Region),2020,2,2020-02,diagnostic_excluded,169,1,3.19,25.03,59.2,74.8,0,5301139,408.89,25.49,7.02,0.5,0.5,87.4,21.6,76.7,26.01,458,670,18,21.4,1
R1,Region I (Ilocos Region),2020,3,2020-03,diagnostic_excluded,111,0,2.09,26.56,89.4,76.3,0,5301139,408.89,25.49,7.02,0.4,0.5,59.2,59.1,74.8,25.11,169,499,24.9,18,1
R1,Region I (Ilocos Region),2020,4,2020-04,diagnostic_excluded,164,1,3.09,27.3,35,75,0,5301139,408.89,25.49,7.02,0.2,0.5,89.4,-31.9,76.3,25.03,111,279,14.2,24.9,1
R1,Region I (Ilocos Region),2020,5,2020-05,diagnostic_excluded,222,0,4.19,27.59,290.5,80.4,0,5301139,408.89,25.49,7.02,0,0.5,35,72.5,75,25.03,164,406,8.9,14.2,1
R1,Region I (Ilocos Region),2020,6,2020-06,diagnostic_excluded,360,2,6.79,27.17,257.5,82.1,0,5301139,408.89,25.49,7.02,-0.3,0.4,290.5,-85.1,80.4,26.56,222,695,23.2,8.9,1
R1,Region I (Ilocos Region),2020,7,2020-07,diagnostic_excluded,844,4,15.92,26.74,239.9,76.4,0,5301139,408.89,25.49,7.02,-0.4,0.2,257.5,-263.9,82.1,27.3,360,2801,28,23.2,1
R1,Region I (Ilocos Region),2020,8,2020-08,diagnostic_excluded,1244,9,23.47,25.4,447.3,85.9,0,5301139,408.89,25.49,7.02,-0.6,0,239.9,-137.8,76.4,27.59,844,1985,24.5,28,1
R1,Region I (Ilocos Region),2020,9,2020-09,diagnostic_excluded,482,3,9.09,26.46,392.7,84,0,5301139,408.89,25.49,7.02,-0.9,-0.3,447.3,59,85.9,27.17,1244,6808,30.7,24.5,1
R1,Region I (Ilocos Region),2020,10,2020-10,diagnostic_excluded,1206,8,22.75,26.58,454.2,88.5,0,5301139,408.89,25.49,7.02,-1.2,-0.4,392.7,191.9,84,26.74,482,6204,28.4,30.7,1
R1,Region I (Ilocos Region),2020,11,2020-11,diagnostic_excluded,365,2,6.89,25.69,75.6,79,0,5301139,408.89,25.49,7.02,-1.3,-0.6,454.2,-58.6,88.5,25.4,1206,638,29.8,28.4,1
R1,Region I (Ilocos Region),2020,12,2020-12,diagnostic_excluded,287,0,5.41,24.7,70.4,78.1,0,5301139,408.89,25.49,7.02,-1.2,-0.9,75.6,-31.4,79,26.46,365,1569,20.9,29.8,1
R10,Region X (Northern Mindanao),2016,1,2016-01,train,387,2,8.14,25.18,275.5,88.3,0,4755995,232.47,48.83,27.3,2,2.1,259,81.4,86.3,26.25,594,163,22.4,23.1,1
R10,Region X (Northern Mindanao),2016,2,2016-02,train,125,0,2.63,25.27,180,83.3,0,4755995,232.47,48.83,27.3,1.9,2.2,275.5,56.9,88.3,25.62,387,176,21.5,22.4,1
R10,Region X (Northern Mindanao),2016,3,2016-03,train,100,0,2.1,26.19,126.7,79.5,0,4755995,232.47,48.83,27.3,1.6,2.3,180,6.3,83.3,25.07,125,202,18.8,21.5,1
R10,Region X (Northern Mindanao),2016,4,2016-04,train,175,0,3.68,27.03,204.1,77.3,0,4755995,232.47,48.83,27.3,1.1,2,126.7,76.5,79.5,25.18,100,147,24.5,18.8,1
R10,Region X (Northern Mindanao),2016,5,2016-05,train,168,2,3.53,26.61,403.7,85,0,4755995,232.47,48.83,27.3,0.6,1.9,204.1,115.4,77.3,25.27,175,67,25.6,24.5,1
R10,Region X (Northern Mindanao),2016,6,2016-06,train,329,1,6.92,25.99,606.7,87.7,0,4755995,232.47,48.83,27.3,0.1,1.6,403.7,259.6,85,26.19,168,428,32.9,25.6,1
R10,Region X (Northern Mindanao),2016,7,2016-07,train,700,4,14.72,25.67,457.3,86.7,0,4755995,232.47,48.83,27.3,-0.2,1.1,606.7,144.8,87.7,27.03,329,975,36.6,32.9,1
R10,Region X (Northern Mindanao),2016,8,2016-08,train,662,3,13.92,25.48,111.2,79.6,0,4755995,232.47,48.83,27.3,-0.4,0.6,457.3,-117.1,86.7,26.61,700,1404,32.7,36.6,1
R10,Region X (Northern Mindanao),2016,9,2016-09,train,304,0,6.39,25.18,328.4,86.1,0,4755995,232.47,48.83,27.3,-0.5,0.1,111.2,34.4,79.6,25.99,662,787,13.4,32.7,1
R10,Region X (Northern Mindanao),2016,10,2016-10,train,600,3,12.62,25.57,303,85.5,0,4755995,232.47,48.83,27.3,-0.6,-0.2,328.4,-39.7,86.1,25.67,304,922,29.7,13.4,1
R10,Region X (Northern Mindanao),2016,11,2016-11,train,371,3,7.8,24.92,117.7,83.9,0,4755995,232.47,48.83,27.3,-0.6,-0.4,303,-84.7,85.5,25.48,600,624,30.2,29.7,1
R10,Region X (Northern Mindanao),2016,12,2016-12,train,146,0,3.07,25.16,239.5,85.1,0,4755995,232.47,48.83,27.3,-0.6,-0.5,117.7,0.8,83.9,25.18,371,594,18.3,30.2,1
R10,Region X (Northern Mindanao),2017,1,2017-01,train,316,2,6.55,24.62,149,82.2,0,4822688,235.73,49.2,22.32,-0.4,-0.6,239.5,-45.1,85.1,25.57,146,387,25,18.3,1
R10,Region X (Northern Mindanao),2017,2,2017-02,train,201,3,4.17,24.29,100.6,82.4,0,4822688,235.73,49.2,22.32,-0.4,-0.6,149,-22.5,82.2,24.92,316,125,19.7,25,1
R10,Region X (Northern Mindanao),2017,3,2017-03,train,170,0,3.53,24.8,83,79.2,0,4822688,235.73,49.2,22.32,-0.2,-0.6,100.6,-37.4,82.4,25.16,201,100,18.7,19.7,1
R10,Region X (Northern Mindanao),2017,4,2017-04,train,140,0,2.9,25.99,135.8,77.2,0,4822688,235.73,49.2,22.32,0,-0.4,83,8.2,79.2,24.62,170,175,14.3,18.7,1
R10,Region X (Northern Mindanao),2017,5,2017-05,train,153,2,3.17,25.68,245,80,1,4822688,235.73,49.2,22.32,0.1,-0.4,135.8,-43.3,77.2,24.29,140,168,25.2,14.3,1
R10,Region X (Northern Mindanao),2017,6,2017-06,train,222,1,4.6,25.35,225.3,81.2,0,4822688,235.73,49.2,22.32,0.1,-0.2,245,-121.8,80,24.8,153,329,17.6,25.2,1
R10,Region X (Northern Mindanao),2017,7,2017-07,train,508,3,10.53,24.85,301.6,86.1,0,4822688,235.73,49.2,22.32,0,0,225.3,-10.9,81.2,25.99,222,700,24.9,17.6,1
R10,Region X (Northern Mindanao),2017,8,2017-08,train,826,3,17.13,25.07,244.6,84.8,0,4822688,235.73,49.2,22.32,-0.2,0.1,301.6,16.3,86.1,25.68,508,662,22.9,24.9,1
R10,Region X (Northern Mindanao),2017,9,2017-09,train,507,2,10.51,25.28,492.9,89.2,1,4822688,235.73,49.2,22.32,-0.5,0.1,244.6,198.9,84.8,25.35,826,304,21.4,22.9,1
R10,Region X (Northern Mindanao),2017,10,2017-10,train,660,5,13.69,25.16,343,85.3,0,4822688,235.73,49.2,22.32,-0.7,0,492.9,0.3,89.2,24.85,507,600,36.8,21.4,1
R10,Region X (Northern Mindanao),2017,11,2017-11,train,729,0,15.12,24.35,337.9,87.9,0,4822688,235.73,49.2,22.32,-0.8,-0.2,343,135.5,85.3,25.07,660,371,30.8,36.8,1
R10,Region X (Northern Mindanao),2017,12,2017-12,train,266,2,5.52,24.73,267.2,83.7,0,4822688,235.73,49.2,22.32,-0.9,-0.5,337.9,28.4,87.9,25.28,729,146,33,30.8,1
R10,Region X (Northern Mindanao),2018,1,2018-01,train,241,0,4.93,24.58,183.5,82.7,0,4889382,238.99,49.58,17.33,-0.9,-0.7,267.2,-10.5,83.7,25.16,266,316,28.4,33,1
R10,Region X (Northern Mindanao),2018,2,2018-02,train,216,2,4.42,23.82,123.4,82.3,0,4889382,238.99,49.58,17.33,-0.8,-0.8,183.5,0.3,82.7,24.35,241,201,22.8,28.4,1
R10,Region X (Northern Mindanao),2018,3,2018-03,train,203,0,4.15,24.91,85.2,79.2,0,4889382,238.99,49.58,17.33,-0.6,-0.9,123.4,-35.3,82.3,24.73,216,170,25,22.8,1
R10,Region X (Northern Mindanao),2018,4,2018-04,train,292,2,5.97,25.6,72.4,78.1,0,4889382,238.99,49.58,17.33,-0.4,-0.9,85.2,-55.2,79.2,24.58,203,140,15.5,25,1
R10,Region X (Northern Mindanao),2018,5,2018-05,train,230,3,4.7,25.94,244.9,78.9,0,4889382,238.99,49.58,17.33,-0.2,-0.8,72.4,-43.4,78.1,23.82,292,153,12.1,15.5,1
R10,Region X (Northern Mindanao),2018,6,2018-06,train,423,1,8.65,25.52,282.7,82.8,0,4889382,238.99,49.58,17.33,0,-0.6,244.9,-64.4,78.9,24.91,230,222,23.6,12.1,1
R10,Region X (Northern Mindanao),2018,7,2018-07,train,601,2,12.29,25.49,237.1,84.4,0,4889382,238.99,49.58,17.33,0.2,-0.4,282.7,-75.4,82.8,25.6,423,508,22.6,23.6,1
R10,Region X (Northern Mindanao),2018,8,2018-08,train,1032,7,21.11,24.69,138.2,80.4,0,4889382,238.99,49.58,17.33,0.3,-0.2,237.1,-90.1,84.4,25.94,601,826,21,22.6,1
R10,Region X (Northern Mindanao),2018,9,2018-09,train,1270,5,25.97,24.93,228.8,81.3,0,4889382,238.99,49.58,17.33,0.5,0,138.2,-65.2,80.4,25.52,1032,507,24.9,21,1
R10,Region X (Northern Mindanao),2018,10,2018-10,train,780,2,15.95,25.73,302.5,85,0,4889382,238.99,49.58,17.33,0.7,0.2,228.8,-40.2,81.3,25.49,1270,660,21.7,24.9,1
R10,Region X (Northern Mindanao),2018,11,2018-11,train,937,3,19.16,25.59,273.9,87,0,4889382,238.99,49.58,17.33,0.8,0.3,302.5,71.5,85,24.69,780,729,26.8,21.7,1
R10,Region X (Northern Mindanao),2018,12,2018-12,train,540,1,11.04,25.48,365.6,87.9,0,4889382,238.99,49.58,17.33,0.8,0.5,273.9,126.8,87,24.93,937,266,24.7,26.8,1
R10,Region X (Northern Mindanao),2019,1,2019-01,test,275,2,5.55,24.22,236.1,86.7,0,4956075,242.25,49.96,17.33,0.7,0.7,365.6,42,87.9,25.73,540,241,31.9,24.7,1
R10,Region X (Northern Mindanao),2019,2,2019-02,test,400,2,8.07,24.63,112.9,81.5,1,4956075,242.25,49.96,17.33,0.7,0.8,236.1,-10.2,86.7,25.59,275,216,23.9,31.9,1
R10,Region X (Northern Mindanao),2019,3,2019-03,test,134,1,2.7,24.93,67.3,78.2,0,4956075,242.25,49.96,17.33,0.7,0.8,112.9,-53.1,81.5,25.48,400,203,18,23.9,1
R10,Region X (Northern Mindanao),2019,4,2019-04,test,218,0,4.4,26.34,205.9,79,0,4956075,242.25,49.96,17.33,0.7,0.7,67.3,78.3,78.2,24.22,134,292,14.2,18,1
R10,Region X (Northern Mindanao),2019,5,2019-05,test,460,1,9.28,27.13,146.4,79.8,0,4956075,242.25,49.96,17.33,0.6,0.7,205.9,-141.9,79,24.63,218,230,21.8,14.2,1
R10,Region X (Northern Mindanao),2019,6,2019-06,test,560,3,11.3,25.87,335,85,0,4956075,242.25,49.96,17.33,0.5,0.7,146.4,-12.1,79.8,24.93,460,423,20.6,21.8,1
R10,Region X (Northern Mindanao),2019,7,2019-07,test,1112,3,22.44,25.58,671.8,91.2,0,4956075,242.25,49.96,17.33,0.3,0.7,335,359.3,85,26.34,560,601,29.8,20.6,1
R10,Region X (Northern Mindanao),2019,8,2019-08,test,3031,18,61.16,25.16,575.4,90.6,0,4956075,242.25,49.96,17.33,0.2,0.6,671.8,347.2,91.2,27.13,1112,1032,41.6,29.8,1
R10,Region X (Northern Mindanao),2019,9,2019-09,test,2242,13,45.24,25.12,137.5,81.2,0,4956075,242.25,49.96,17.33,0.2,0.5,575.4,-156.4,90.6,25.87,3031,1270,37.5,41.6,1
R10,Region X (Northern Mindanao),2019,10,2019-10,test,2007,4,40.5,25.4,450.5,88.7,0,4956075,242.25,49.96,17.33,0.3,0.3,137.5,107.8,81.2,25.58,2242,780,22.7,37.5,1
R10,Region X (Northern Mindanao),2019,11,2019-11,test,968,1,19.53,24.86,126,84.3,0,4956075,242.25,49.96,17.33,0.5,0.2,450.5,-76.4,88.7,25.16,2007,937,37,22.7,1
R10,Region X (Northern Mindanao),2019,12,2019-12,test,714,4,14.41,25.17,310.4,86.1,0,4956075,242.25,49.96,17.33,0.5,0.2,126,71.7,84.3,25.12,968,540,18.7,37,1
R10,Region X (Northern Mindanao),2020,1,2020-01,diagnostic_excluded,394,5,7.84,24.55,303.2,88.5,0,5022768,245.51,50.34,17.33,0.5,0.3,310.4,109.1,86.1,25.4,714,275,30.2,18.7,1
R10,Region X (Northern Mindanao),2020,2,2020-02,diagnostic_excluded,303,0,6.03,24.95,211.6,83.6,0,5022768,245.51,50.34,17.33,0.5,0.5,303.2,88.5,88.5,24.86,394,400,27,30.2,1
R10,Region X (Northern Mindanao),2020,3,2020-03,diagnostic_excluded,149,1,2.97,25.04,241.9,81.6,0,5022768,245.51,50.34,17.33,0.4,0.5,211.6,121.5,83.6,25.17,303,134,17.8,27,1
R10,Region X (Northern Mindanao),2020,4,2020-04,diagnostic_excluded,86,0,1.71,26.23,185.9,78.8,0,5022768,245.51,50.34,17.33,0.2,0.5,241.9,58.3,81.6,24.55,149,218,22.9,17.8,1
R10,Region X (Northern Mindanao),2020,5,2020-05,diagnostic_excluded,239,0,4.76,25.98,596.6,87.9,0,5022768,245.51,50.34,17.33,0,0.5,185.9,308.3,78.8,24.95,86,460,20.1,22.9,1
R10,Region X (Northern Mindanao),2020,6,2020-06,diagnostic_excluded,851,4,16.94,24.96,349,84.8,0,5022768,245.51,50.34,17.33,-0.3,0.4,596.6,1.9,87.9,25.04,239,560,33.8,20.1,1
R10,Region X (Northern Mindanao),2020,7,2020-07,diagnostic_excluded,928,7,18.48,25.02,217.1,83.2,0,5022768,245.51,50.34,17.33,-0.4,0.2,349,-95.4,84.8,26.23,851,1112,26.8,33.8,1
R10,Region X (Northern Mindanao),2020,8,2020-08,diagnostic_excluded,1385,7,27.57,25.4,252.5,84.2,1,5022768,245.51,50.34,17.33,-0.6,0,217.1,24.3,83.2,25.98,928,3031,20.6,26.8,1
R10,Region X (Northern Mindanao),2020,9,2020-09,diagnostic_excluded,1304,6,25.96,24.94,256,83.3,0,5022768,245.51,50.34,17.33,-0.9,-0.3,252.5,-37.9,84.2,24.96,1385,2242,24.2,20.6,1
R10,Region X (Northern Mindanao),2020,10,2020-10,diagnostic_excluded,1021,6,20.33,25.41,496,86.5,0,5022768,245.51,50.34,17.33,-1.2,-0.4,256,153.4,83.3,25.02,1304,2007,28.5,24.2,1
R10,Region X (Northern Mindanao),2020,11,2020-11,diagnostic_excluded,649,3,12.92,24.43,341.7,87.7,0,5022768,245.51,50.34,17.33,-1.3,-0.6,496,139.3,86.5,25.4,1021,968,30.8,28.5,1
R10,Region X (Northern Mindanao),2020,12,2020-12,diagnostic_excluded,366,1,7.29,25.09,275.8,87,0,5022768,245.51,50.34,17.33,-1.2,-0.9,341.7,37.1,87.7,24.94,649,714,21.6,30.8,1
R11,Region XI (Davao Region),2016,1,2016-01,train,445,2,8.97,26.57,266.9,82.9,0,4963362,242.9,64.19,16.64,2,2.1,281.7,-14.8,82.6,26.65,363,241,24.3,26.2,1
R11,Region XI (Davao Region),2016,2,2016-02,train,393,1,7.92,26.4,272.6,83,1,4963362,242.9,64.19,16.64,1.9,2.2,266.9,93.5,82.9,26.65,445,117,21.9,24.3,1
R11,Region XI (Davao Region),2016,3,2016-03,train,131,1,2.64,26.5,155.5,80.2,0,4963362,242.9,64.19,16.64,1.6,2.3,272.6,-4.4,83,26.11,393,123,25.7,21.9,1
R11,Region XI (Davao Region),2016,4,2016-04,train,246,0,4.96,27.29,148.7,81,0,4963362,242.9,64.19,16.64,1.1,2,155.5,7.2,80.2,26.57,131,197,25.8,25.7,1
R11,Region XI (Davao Region),2016,5,2016-05,train,228,1,4.59,27.13,498.1,85.9,0,4963362,242.9,64.19,16.64,0.6,1.9,148.7,224.7,81,26.4,246,269,19,25.8,1
R11,Region XI (Davao Region),2016,6,2016-06,train,574,3,11.56,26.84,425.3,86.6,0,4963362,242.9,64.19,16.64,0.1,1.6,498.1,125,85.9,26.5,228,349,33.9,19,1
R11,Region XI (Davao Region),2016,7,2016-07,train,1145,8,23.07,26.43,409,84.7,0,4963362,242.9,64.19,16.64,-0.2,1.1,425.3,140.3,86.6,27.29,574,898,29,33.9,1
R11,Region XI (Davao Region),2016,8,2016-08,train,2064,0,41.58,26.88,199.5,80.1,0,4963362,242.9,64.19,16.64,-0.4,0.6,409,-19.2,84.7,27.13,1145,1494,31.4,29,1
R11,Region XI (Davao Region),2016,9,2016-09,train,1267,10,25.53,26.43,151.6,81.6,0,4963362,242.9,64.19,16.64,-0.5,0.1,199.5,-98.1,80.1,26.84,2064,748,24.2,31.4,1
R11,Region XI (Davao Region),2016,10,2016-10,train,973,0,19.6,26.84,159.8,79.6,0,4963362,242.9,64.19,16.64,-0.6,-0.2,151.6,-168,81.6,26.43,1267,523,22.6,24.2,1
R11,Region XI (Davao Region),2016,11,2016-11,train,961,4,19.36,26,190.8,84.5,1,4963362,242.9,64.19,16.64,-0.6,-0.4,159.8,-21.6,79.6,26.88,973,473,21.5,22.6,1
R11,Region XI (Davao Region),2016,12,2016-12,train,621,4,12.51,25.47,326.8,85,0,4963362,242.9,64.19,16.64,-0.6,-0.5,190.8,64.5,84.5,26.43,961,363,22.2,21.5,1
R11,Region XI (Davao Region),2017,1,2017-01,train,233,1,4.63,25.38,298.7,86.7,0,5033405,246.33,64.85,15.27,-0.4,-0.6,326.8,17,85,26.84,621,445,27.5,22.2,1
R11,Region XI (Davao Region),2017,2,2017-02,train,141,0,2.8,25.49,174.3,81.4,0,5033405,246.33,64.85,15.27,-0.4,-0.6,298.7,-4.8,86.7,26,233,393,24.3,27.5,1
R11,Region XI (Davao Region),2017,3,2017-03,train,165,1,3.28,25.82,111.5,81.1,0,5033405,246.33,64.85,15.27,-0.2,-0.6,174.3,-48.4,81.4,25.47,141,131,17.7,24.3,1
R11,Region XI (Davao Region),2017,4,2017-04,train,119,0,2.36,26.52,164.7,81.1,0,5033405,246.33,64.85,15.27,0,-0.4,111.5,23.1,81.1,25.38,165,246,19.8,17.7,1
R11,Region XI (Davao Region),2017,5,2017-05,train,197,3,3.91,26.44,500.2,89.4,0,5033405,246.33,64.85,15.27,0.1,-0.4,164.7,226.9,81.1,25.49,119,228,16.4,19.8,1
R11,Region XI (Davao Region),2017,6,2017-06,train,270,1,5.36,26.09,499.7,87.7,0,5033405,246.33,64.85,15.27,0.1,-0.2,500.2,199.4,89.4,25.82,197,574,37.8,16.4,1
R11,Region XI (Davao Region),2017,7,2017-07,train,791,4,15.72,26.28,228.8,81.5,0,5033405,246.33,64.85,15.27,0,0,499.7,-39.9,87.7,26.52,270,1145,30.7,37.8,1
R11,Region XI (Davao Region),2017,8,2017-08,train,505,4,10.03,26.16,155.3,80.5,0,5033405,246.33,64.85,15.27,-0.2,0.1,228.8,-63.5,81.5,26.44,791,2064,25.4,30.7,1
R11,Region XI (Davao Region),2017,9,2017-09,train,663,2,13.17,26.08,355,83.9,0,5033405,246.33,64.85,15.27,-0.5,0.1,155.3,105.4,80.5,26.09,505,1267,22.9,25.4,1
R11,Region XI (Davao Region),2017,10,2017-10,train,897,1,17.82,26.09,232.3,79.7,0,5033405,246.33,64.85,15.27,-0.7,0,355,-95.5,83.9,26.28,663,973,29.4,22.9,1
R11,Region XI (Davao Region),2017,11,2017-11,train,327,2,6.5,25.83,253.8,83.8,0,5033405,246.33,64.85,15.27,-0.8,-0.2,232.3,41.5,79.7,26.16,897,961,20.2,29.4,1
R11,Region XI (Davao Region),2017,12,2017-12,train,202,1,4.01,25.76,386.3,88.4,1,5033405,246.33,64.85,15.27,-0.9,-0.5,253.8,124,83.8,26.08,327,621,24.2,20.2,1
R11,Region XI (Davao Region),2018,1,2018-01,train,969,1,18.99,24.69,446.4,88,0,5103449,249.76,65.51,13.9,-0.9,-0.7,386.3,164.7,88.4,26.09,202,233,34.3,24.2,1
R11,Region XI (Davao Region),2018,2,2018-02,train,877,6,17.18,24.36,309.2,83.3,0,5103449,249.76,65.51,13.9,-0.8,-0.8,446.4,130,88,25.83,969,141,30.5,34.3,1
R11,Region XI (Davao Region),2018,3,2018-03,train,1032,3,20.22,26.08,167.2,78.4,0,5103449,249.76,65.51,13.9,-0.6,-0.9,309.2,7.3,83.3,25.76,877,165,35.7,30.5,1
R11,Region XI (Davao Region),2018,4,2018-04,train,696,4,13.64,26.77,76.9,77,0,5103449,249.76,65.51,13.9,-0.4,-0.9,167.2,-64.7,78.4,24.69,1032,119,26.7,35.7,1
R11,Region XI (Davao Region),2018,5,2018-05,train,820,4,16.07,26.96,270.9,79.6,0,5103449,249.76,65.51,13.9,-0.2,-0.8,76.9,-2.5,77,24.36,696,197,22.1,26.7,1
R11,Region XI (Davao Region),2018,6,2018-06,train,1518,5,29.74,26.17,411.8,85.4,0,5103449,249.76,65.51,13.9,0,-0.6,270.9,111.4,79.6,26.08,820,270,29.2,22.1,1
R11,Region XI (Davao Region),2018,7,2018-07,train,2935,10,57.51,25.73,282.9,83.7,0,5103449,249.76,65.51,13.9,0.2,-0.4,411.8,14.2,85.4,26.77,1518,791,25.4,29.2,1
R11,Region XI (Davao Region),2018,8,2018-08,train,3710,24,72.7,26.04,196.1,80.8,0,5103449,249.76,65.51,13.9,0.3,-0.2,282.9,-22.7,83.7,26.96,2935,505,30.1,25.4,1
R11,Region XI (Davao Region),2018,9,2018-09,train,3385,18,66.33,26.92,354.3,84.5,0,5103449,249.76,65.51,13.9,0.5,0,196.1,104.6,80.8,26.17,3710,663,21.5,30.1,1
R11,Region XI (Davao Region),2018,10,2018-10,train,2474,17,48.48,26.56,422.5,85,0,5103449,249.76,65.51,13.9,0.7,0.2,354.3,94.8,84.5,25.73,3385,897,34.6,21.5,1
R11,Region XI (Davao Region),2018,11,2018-11,train,538,2,10.54,26.27,98.8,82.2,0,5103449,249.76,65.51,13.9,0.8,0.3,422.5,-113.5,85,26.04,2474,327,31.6,34.6,1
R11,Region XI (Davao Region),2018,12,2018-12,train,1512,9,29.63,25.69,265.2,85.2,0,5103449,249.76,65.51,13.9,0.8,0.5,98.8,2.9,82.2,26.92,538,202,12.7,31.6,1
R11,Region XI (Davao Region),2019,1,2019-01,test,710,3,13.72,25.3,217.5,83.4,0,5173492,253.19,66.17,13.9,0.7,0.7,265.2,-64.2,85.2,26.56,1512,969,26.3,12.7,1
R11,Region XI (Davao Region),2019,2,2019-02,test,274,2,5.3,25.29,209,82.5,0,5173492,253.19,66.17,13.9,0.7,0.8,217.5,29.9,83.4,26.27,710,877,20,26.3,1
R11,Region XI (Davao Region),2019,3,2019-03,test,667,2,12.89,26.12,304.3,83.2,0,5173492,253.19,66.17,13.9,0.7,0.8,209,144.4,82.5,25.69,274,1032,23.2,20,1
R11,Region XI (Davao Region),2019,4,2019-04,test,863,6,16.68,26.84,142.4,79.5,0,5173492,253.19,66.17,13.9,0.7,0.7,304.3,0.8,83.2,25.3,667,696,31,23.2,1
R11,Region XI (Davao Region),2019,5,2019-05,test,650,0,12.56,27.73,156,78.7,0,5173492,253.19,66.17,13.9,0.6,0.7,142.4,-117.4,79.5,25.29,863,820,20.6,31,1
R11,Region XI (Davao Region),2019,6,2019-06,test,1446,7,27.95,26.56,483.6,87.1,0,5173492,253.19,66.17,13.9,0.5,0.7,156,183.2,78.7,26.12,650,1518,22.8,20.6,1
R11,Region XI (Davao Region),2019,7,2019-07,test,2509,12,48.5,26.01,376.7,86,0,5173492,253.19,66.17,13.9,0.3,0.7,483.6,108,87.1,26.84,1446,2935,32.9,22.8,1
R11,Region XI (Davao Region),2019,8,2019-08,test,5703,21,110.24,27.51,176.7,82.2,0,5173492,253.19,66.17,13.9,0.2,0.6,376.7,-42.1,86,27.73,2509,3710,24.7,32.9,1
R11,Region XI (Davao Region),2019,9,2019-09,test,3713,21,71.77,26.54,197.2,80,0,5173492,253.19,66.17,13.9,0.2,0.5,176.7,-52.5,82.2,26.56,5703,3385,27.7,24.7,1
R11,Region XI (Davao Region),2019,10,2019-10,test,2653,16,51.28,26.62,200.5,80.6,1,5173492,253.19,66.17,13.9,0.3,0.3,197.2,-127.3,80,26.01,3713,2474,20.3,27.7,1
R11,Region XI (Davao Region),2019,11,2019-11,test,1346,7,26.02,25.81,240.7,83.4,0,5173492,253.19,66.17,13.9,0.5,0.2,200.5,28.3,80.6,27.51,2653,538,23.4,20.3,1
R11,Region XI (Davao Region),2019,12,2019-12,test,1271,2,24.57,25.98,347.6,86.7,0,5173492,253.19,66.17,13.9,0.5,0.2,240.7,85.3,83.4,26.54,1346,1512,28.2,23.4,1
R11,Region XI (Davao Region),2020,1,2020-01,diagnostic_excluded,495,1,9.44,25.85,413.5,86.1,0,5243536,256.62,66.84,13.9,0.5,0.3,347.6,131.8,86.7,26.62,1271,710,30.3,28.2,1
R11,Region XI (Davao Region),2020,2,2020-02,diagnostic_excluded,415,1,7.91,25.36,199.5,82.5,1,5243536,256.62,66.84,13.9,0.5,0.5,413.5,20.3,86.1,25.81,495,274,26.2,30.3,1
R11,Region XI (Davao Region),2020,3,2020-03,diagnostic_excluded,289,0,5.51,25.83,264.8,83.5,0,5243536,256.62,66.84,13.9,0.4,0.5,199.5,104.9,82.5,25.98,415,667,19.7,26.2,1
R11,Region XI (Davao Region),2020,4,2020-04,diagnostic_excluded,214,0,4.08,26.6,121.7,78.3,0,5243536,256.62,66.84,13.9,0.2,0.5,264.8,-19.9,83.5,25.85,289,863,31.9,19.7,1
R11,Region XI (Davao Region),2020,5,2020-05,diagnostic_excluded,330,0,6.29,26.6,537.5,87.2,0,5243536,256.62,66.84,13.9,0,0.5,121.7,264.1,78.3,25.36,214,650,18.5,31.9,1
R11,Region XI (Davao Region),2020,6,2020-06,diagnostic_excluded,433,0,8.26,27.05,265.8,80.7,0,5243536,256.62,66.84,13.9,-0.3,0.4,537.5,-34.6,87.2,25.83,330,1446,36.7,18.5,1
R11,Region XI (Davao Region),2020,7,2020-07,diagnostic_excluded,1087,5,20.73,26.13,174.6,79,0,5243536,256.62,66.84,13.9,-0.4,0.2,265.8,-94.1,80.7,26.6,433,2509,23.8,36.7,1
R11,Region XI (Davao Region),2020,8,2020-08,diagnostic_excluded,1131,6,21.57,26.02,292.6,85.1,0,5243536,256.62,66.84,13.9,-0.6,0,174.6,73.8,79,26.6,1087,5703,24.1,23.8,1
R11,Region XI (Davao Region),2020,9,2020-09,diagnostic_excluded,2184,3,41.65,26.85,271.7,84.2,0,5243536,256.62,66.84,13.9,-0.9,-0.3,292.6,22,85.1,27.05,1131,3713,31.7,24.1,1
R11,Region XI (Davao Region),2020,10,2020-10,diagnostic_excluded,1480,8,28.23,26.08,321.5,83.2,0,5243536,256.62,66.84,13.9,-1.2,-0.4,271.7,-6.2,84.2,26.13,2184,2653,24.3,31.7,1
R11,Region XI (Davao Region),2020,11,2020-11,diagnostic_excluded,564,4,10.76,25.83,186,82.8,0,5243536,256.62,66.84,13.9,-1.3,-0.6,321.5,-26.3,83.2,26.02,1480,1346,29.3,24.3,1
R11,Region XI (Davao Region),2020,12,2020-12,diagnostic_excluded,288,0,5.49,25.78,212,81.6,0,5243536,256.62,66.84,13.9,-1.2,-0.9,186,-50.3,82.8,26.85,564,1271,22.2,29.3,1
R12,Region XII (SOCCSKSARGEN),2016,1,2016-01,train,119,0,2.58,26.79,163.2,79.7,0,4616518,202.6,51.18,28.26,2,2.1,292.5,-20.8,81.8,26.64,385,503,26.5,14.6,1
R12,Region XII (SOCCSKSARGEN),2016,2,2016-02,train,87,2,1.88,27.15,218,79.8,0,4616518,202.6,51.18,28.26,1.9,2.2,163.2,103.2,79.7,26.46,119,495,18.6,26.5,1
R12,Region XII (SOCCSKSARGEN),2016,3,2016-03,train,76,0,1.65,28.46,344.3,76.5,0,4616518,202.6,51.18,28.26,1.6,2.3,218,168.9,79.8,26.09,87,359,22.1,18.6,1
R12,Region XII (SOCCSKSARGEN),2016,4,2016-04,train,138,2,2.99,28.05,322.1,74.4,0,4616518,202.6,51.18,28.26,1.1,2,344.3,152.6,76.5,26.79,76,294,29.5,22.1,1
R12,Region XII (SOCCSKSARGEN),2016,5,2016-05,train,99,1,2.14,27.57,183.3,77.8,0,4616518,202.6,51.18,28.26,0.6,1.9,322.1,-127.1,74.4,27.15,138,559,29.7,29.5,1
R12,Region XII (SOCCSKSARGEN),2016,6,2016-06,train,204,1,4.42,26.87,419.8,85.7,0,4616518,202.6,51.18,28.26,0.1,1.6,183.3,84.4,77.8,28.46,99,1157,18.2,29.7,1
R12,Region XII (SOCCSKSARGEN),2016,7,2016-07,train,343,2,7.43,25.9,102.8,79.9,0,4616518,202.6,51.18,28.26,-0.2,1.1,419.8,-185,85.7,28.05,204,2341,26.3,18.2,1
R12,Region XII (SOCCSKSARGEN),2016,8,2016-08,train,506,3,10.96,26.29,122.4,78.6,0,4616518,202.6,51.18,28.26,-0.4,0.6,102.8,-86.9,79.9,27.57,343,1802,20.5,26.3,1
R12,Region XII (SOCCSKSARGEN),2016,9,2016-09,train,641,4,13.88,26.38,181.4,80.7,0,4616518,202.6,51.18,28.26,-0.5,0.1,122.4,-57.2,78.6,26.87,506,2725,20.2,20.5,1
R12,Region XII (SOCCSKSARGEN),2016,10,2016-10,train,357,3,7.73,26.37,280.6,80.8,0,4616518,202.6,51.18,28.26,-0.6,-0.2,181.4,-65.3,80.7,25.9,641,2751,20.7,20.2,1
R12,Region XII (SOCCSKSARGEN),2016,11,2016-11,train,276,0,5.98,26.36,190.8,85.1,0,4616518,202.6,51.18,28.26,-0.6,-0.4,280.6,-15.5,80.8,26.29,357,1370,26.6,20.7,1
R12,Region XII (SOCCSKSARGEN),2016,12,2016-12,train,123,0,2.66,26.34,150.6,80.2,0,4616518,202.6,51.18,28.26,-0.6,-0.5,190.8,-65.6,85.1,26.38,276,385,18.6,26.6,1
R12,Region XII (SOCCSKSARGEN),2017,1,2017-01,train,101,1,2.15,26.67,94.3,77.8,0,4687760,205.73,52.25,25.31,-0.4,-0.6,150.6,-89.7,80.2,26.37,123,119,19.3,18.6,1
R12,Region XII (SOCCSKSARGEN),2017,2,2017-02,train,118,0,2.52,26.75,63.8,73.1,0,4687760,205.73,52.25,25.31,-0.4,-0.6,94.3,-51,77.8,26.36,101,87,23.2,19.3,1
R12,Region XII (SOCCSKSARGEN),2017,3,2017-03,train,114,1,2.43,27.12,134.6,73.3,0,4687760,205.73,52.25,25.31,-0.2,-0.6,63.8,-40.7,73.1,26.34,118,76,13.9,23.2,1
R12,Region XII (SOCCSKSARGEN),2017,4,2017-04,train,92,0,1.96,28.01,252.5,74.4,1,4687760,205.73,52.25,25.31,0,-0.4,134.6,83,73.3,26.67,114,138,19.4,13.9,1
R12,Region XII (SOCCSKSARGEN),2017,5,2017-05,train,105,2,2.24,27.48,329.7,79.8,0,4687760,205.73,52.25,25.31,0.1,-0.4,252.5,19.3,74.4,26.75,92,99,19.1,19.4,1
R12,Region XII (SOCCSKSARGEN),2017,6,2017-06,train,303,2,6.46,26.57,281,79.9,0,4687760,205.73,52.25,25.31,0.1,-0.2,329.7,-54.4,79.8,27.12,105,204,25.9,19.1,1
R12,Region XII (SOCCSKSARGEN),2017,7,2017-07,train,122,1,2.6,26.65,277,81.6,0,4687760,205.73,52.25,25.31,0,0,281,-10.8,79.9,28.01,303,343,21.8,25.9,1
R12,Region XII (SOCCSKSARGEN),2017,8,2017-08,train,329,2,7.02,25.91,199.7,81.4,1,4687760,205.73,52.25,25.31,-0.2,0.1,277,-9.7,81.6,27.48,122,506,25.3,21.8,1
R12,Region XII (SOCCSKSARGEN),2017,9,2017-09,train,488,1,10.41,26.81,254.4,82.5,0,4687760,205.73,52.25,25.31,-0.5,0.1,199.7,15.8,81.4,26.57,329,641,20.8,25.3,1
R12,Region XII (SOCCSKSARGEN),2017,10,2017-10,train,370,1,7.89,26.09,759.5,92.7,0,4687760,205.73,52.25,25.31,-0.7,0,254.4,413.6,82.5,26.65,488,357,26.9,20.8,1
R12,Region XII (SOCCSKSARGEN),2017,11,2017-11,train,224,1,4.78,26.03,130.6,80,0,4687760,205.73,52.25,25.31,-0.8,-0.2,759.5,-75.6,92.7,25.91,370,276,41.2,26.9,1
R12,Region XII (SOCCSKSARGEN),2017,12,2017-12,train,172,2,3.67,26.13,257.9,81.9,0,4687760,205.73,52.25,25.31,-0.9,-0.5,130.6,41.7,80,26.81,224,123,14.9,41.2,1
R12,Region XII (SOCCSKSARGEN),2018,1,2018-01,train,558,4,11.73,25.96,118.1,78.6,0,4759002,208.86,53.32,22.35,-0.9,-0.7,257.9,-65.8,81.9,26.09,172,101,24.3,14.9,1
R12,Region XII (SOCCSKSARGEN),2018,2,2018-02,train,510,1,10.72,25.83,99.5,72.5,0,4759002,208.86,53.32,22.35,-0.8,-0.8,118.1,-15.3,78.6,26.03,558,118,19.3,24.3,1
R12,Region XII (SOCCSKSARGEN),2018,3,2018-03,train,579,1,12.17,26.99,128.9,75.6,0,4759002,208.86,53.32,22.35,-0.6,-0.9,99.5,-46.4,72.5,26.13,510,114,18.3,19.3,1
R12,Region XII (SOCCSKSARGEN),2018,4,2018-04,train,240,1,5.04,27.65,87.9,70.5,0,4759002,208.86,53.32,22.35,-0.4,-0.9,128.9,-81.6,75.6,25.96,579,92,18.8,18.3,1
R12,Region XII (SOCCSKSARGEN),2018,5,2018-05,train,475,2,9.98,27.54,156.9,75.8,0,4759002,208.86,53.32,22.35,-0.2,-0.8,87.9,-153.5,70.5,25.83,240,105,13.7,18.8,1
R12,Region XII (SOCCSKSARGEN),2018,6,2018-06,train,447,0,9.39,26.12,455.3,84.5,0,4759002,208.86,53.32,22.35,0,-0.6,156.9,119.9,75.8,26.99,475,303,20,13.7,1
R12,Region XII (SOCCSKSARGEN),2018,7,2018-07,train,3237,15,68.02,26.54,236.5,82.8,0,4759002,208.86,53.32,22.35,0.2,-0.4,455.3,-51.4,84.5,27.65,447,122,31.2,20,1
R12,Region XII (SOCCSKSARGEN),2018,8,2018-08,train,5049,30,106.09,26.37,192.6,81.1,0,4759002,208.86,53.32,22.35,0.3,-0.2,236.5,-16.7,82.8,27.54,3237,329,26.7,31.2,1
R12,Region XII (SOCCSKSARGEN),2018,9,2018-09,train,3697,18,77.68,26.02,193.5,79.7,0,4759002,208.86,53.32,22.35,0.5,0,192.6,-45.1,81.1,26.12,5049,488,15.6,26.7,1
R12,Region XII (SOCCSKSARGEN),2018,10,2018-10,train,2353,11,49.44,26.33,327.8,82.6,0,4759002,208.86,53.32,22.35,0.7,0.2,193.5,-18.1,79.7,26.54,3697,370,23.7,15.6,1
R12,Region XII (SOCCSKSARGEN),2018,11,2018-11,train,2038,9,42.82,27.14,143.8,78,0,4759002,208.86,53.32,22.35,0.8,0.3,327.8,-62.5,82.6,26.37,2353,224,31.8,23.7,1
R12,Region XII (SOCCSKSARGEN),2018,12,2018-12,train,991,6,20.82,26.46,245.4,81.6,0,4759002,208.86,53.32,22.35,0.8,0.5,143.8,29.2,78,26.02,2038,172,16.6,31.8,1
R12,Region XII (SOCCSKSARGEN),2019,1,2019-01,test,628,4,13,26.22,246.7,80.9,0,4830244,211.98,54.4,22.35,0.7,0.7,245.4,62.8,81.6,26.33,991,558,24.6,16.6,1
R12,Region XII (SOCCSKSARGEN),2019,2,2019-02,test,1528,4,31.63,27.35,124.4,75.7,0,4830244,211.98,54.4,22.35,0.7,0.8,246.7,9.6,80.9,27.14,628,510,21.2,24.6,1
R12,Region XII (SOCCSKSARGEN),2019,3,2019-03,test,832,3,17.22,27.16,128.4,72.5,0,4830244,211.98,54.4,22.35,0.7,0.8,124.4,-46.9,75.7,26.46,1528,579,27,21.2,1
R12,Region XII (SOCCSKSARGEN),2019,4,2019-04,test,764,6,15.82,28.19,90.2,72.7,0,4830244,211.98,54.4,22.35,0.7,0.7,128.4,-79.3,72.5,26.22,832,240,20.3,27,1
R12,Region XII (SOCCSKSARGEN),2019,5,2019-05,test,543,1,11.24,27.25,310.7,81.3,0,4830244,211.98,54.4,22.35,0.6,0.7,90.2,0.3,72.7,27.35,764,475,18.9,20.3,1
R12,Region XII (SOCCSKSARGEN),2019,6,2019-06,test,2329,15,48.22,26.41,514,85.9,0,4830244,211.98,54.4,22.35,0.5,0.7,310.7,178.6,81.3,27.16,543,447,26.6,18.9,1
R12,Region XII (SOCCSKSARGEN),2019,7,2019-07,test,4823,18,99.85,26.12,188.5,82.3,0,4830244,211.98,54.4,22.35,0.3,0.7,514,-99.4,85.9,28.19,2329,3237,31.2,26.6,1
R12,Region XII (SOCCSKSARGEN),2019,8,2019-08,test,3338,11,69.11,26.69,185.3,82.3,0,4830244,211.98,54.4,22.35,0.2,0.6,188.5,-24.1,82.3,27.25,4823,5049,26.5,31.2,1
R12,Region XII (SOCCSKSARGEN),2019,9,2019-09,test,4252,16,88.03,26.38,187.5,78.8,0,4830244,211.98,54.4,22.35,0.2,0.5,185.3,-51.1,82.3,26.41,3338,3697,16.3,26.5,1
R12,Region XII (SOCCSKSARGEN),2019,10,2019-10,test,2989,18,61.88,26.65,180.8,80.2,0,4830244,211.98,54.4,22.35,0.3,0.3,187.5,-165.1,78.8,26.12,4252,2353,21.7,16.3,1
R12,Region XII (SOCCSKSARGEN),2019,11,2019-11,test,2268,10,46.95,26.12,121.5,78.8,0,4830244,211.98,54.4,22.35,0.5,0.2,180.8,-84.7,80.2,26.69,2989,2038,22.6,21.7,1
R12,Region XII (SOCCSKSARGEN),2019,12,2019-12,test,1319,6,27.31,26.16,281.9,81,0,4830244,211.98,54.4,22.35,0.5,0.2,121.5,65.8,78.8,26.38,2268,991,17.6,22.6,1
R12,Region XII (SOCCSKSARGEN),2020,1,2020-01,diagnostic_excluded,329,5,6.71,27.01,264.3,77.5,0,4901486,215.11,55.47,22.35,0.5,0.3,281.9,80.4,81,26.65,1319,628,23,17.6,1
R12,Region XII (SOCCSKSARGEN),2020,2,2020-02,diagnostic_excluded,309,2,6.3,26.82,91.5,76.9,0,4901486,215.11,55.47,22.35,0.5,0.5,264.3,-23.3,77.5,26.12,329,1528,27,23,1
R12,Region XII (SOCCSKSARGEN),2020,3,2020-03,diagnostic_excluded,121,0,2.47,27.96,203.9,74.9,0,4901486,215.11,55.47,22.35,0.4,0.5,91.5,28.5,76.9,26.16,309,832,15,27,1
R12,Region XII (SOCCSKSARGEN),2020,4,2020-04,diagnostic_excluded,172,0,3.51,28.61,165.5,73.3,1,4901486,215.11,55.47,22.35,0.2,0.5,203.9,-4,74.9,27.01,121,764,27,15,1
R12,Region XII (SOCCSKSARGEN),2020,5,2020-05,diagnostic_excluded,237,2,4.84,27.85,352.8,79.5,0,4901486,215.11,55.47,22.35,0,0.5,165.5,42.4,73.3,26.82,172,543,17.4,27,1
R12,Region XII (SOCCSKSARGEN),2020,6,2020-06,diagnostic_excluded,341,0,6.96,26.8,251.3,79.9,0,4901486,215.11,55.47,22.35,-0.3,0.4,352.8,-84.1,79.5,27.96,237,2329,33.2,17.4,1
R12,Region XII (SOCCSKSARGEN),2020,7,2020-07,diagnostic_excluded,1174,1,23.95,26.49,201.5,79.7,0,4901486,215.11,55.47,22.35,-0.4,0.2,251.3,-86.3,79.9,28.61,341,4823,25.1,33.2,1
R12,Region XII (SOCCSKSARGEN),2020,8,2020-08,diagnostic_excluded,2493,13,50.86,25.15,165.6,82.1,0,4901486,215.11,55.47,22.35,-0.6,0,201.5,-43.7,79.7,27.85,1174,3338,20.1,25.1,1
R12,Region XII (SOCCSKSARGEN),2020,9,2020-09,diagnostic_excluded,1626,5,33.17,26.52,150.1,80.6,0,4901486,215.11,55.47,22.35,-0.9,-0.3,165.6,-88.4,82.1,26.8,2493,4252,19.1,20.1,1
R12,Region XII (SOCCSKSARGEN),2020,10,2020-10,diagnostic_excluded,879,3,17.93,26.5,363.4,82.8,0,4901486,215.11,55.47,22.35,-1.2,-0.4,150.1,17.6,80.6,26.49,1626,2989,19.8,19.1,1
R12,Region XII (SOCCSKSARGEN),2020,11,2020-11,diagnostic_excluded,716,3,14.61,26.73,180.8,80.3,0,4901486,215.11,55.47,22.35,-1.3,-0.6,363.4,-25.5,82.8,25.15,879,2268,21.7,19.8,1
R12,Region XII (SOCCSKSARGEN),2020,12,2020-12,diagnostic_excluded,385,0,7.85,25.44,171.1,80,0,4901486,215.11,55.47,22.35,-1.2,-0.9,180.8,-45,80.3,26.52,716,1319,19.1,21.7,1
R13,Region XIII (Caraga),2016,1,2016-01,train,214,1,8.11,26.21,193.7,85.1,0,2638325,124.92,34.1,28.78,2,2.1,450.9,-93.4,89,27.63,523,150,33.3,31.9,1
R13,Region XIII (Caraga),2016,2,2016-02,train,190,2,7.2,25.96,436.3,86.1,0,2638325,124.92,34.1,28.78,1.9,2.2,193.7,223.5,85.1,27.12,214,106,18.1,33.3,1
R13,Region XIII (Caraga),2016,3,2016-03,train,59,0,2.24,26.78,671,91.6,0,2638325,124.92,34.1,28.78,1.6,2.3,436.3,520.8,86.1,27.05,190,79,32.6,18.1,1
R13,Region XIII (Caraga),2016,4,2016-04,train,134,0,5.08,27.49,156.8,83,0,2638325,124.92,34.1,28.78,1.1,2,671,27.7,91.6,26.21,59,114,39.2,32.6,1
R13,Region XIII (Caraga),2016,5,2016-05,train,42,0,1.59,27.69,201.3,84,0,2638325,124.92,34.1,28.78,0.6,1.9,156.8,-0.5,83,25.96,134,176,21.2,39.2,1
R13,Region XIII (Caraga),2016,6,2016-06,train,236,3,8.95,27.9,259.7,82.9,0,2638325,124.92,34.1,28.78,0.1,1.6,201.3,-2.9,84,26.78,42,241,21.5,21.2,1
R13,Region XIII (Caraga),2016,7,2016-07,train,414,2,15.69,27.04,115.2,78.2,1,2638325,124.92,34.1,28.78,-0.2,1.1,259.7,-142.8,82.9,27.49,236,587,26,21.5,1
R13,Region XIII (Caraga),2016,8,2016-08,train,302,3,11.45,27.12,274.2,82.1,0,2638325,124.92,34.1,28.78,-0.4,0.6,115.2,57.4,78.2,27.69,414,794,19.1,26,1
R13,Region XIII (Caraga),2016,9,2016-09,train,616,3,23.35,27.36,183,79,0,2638325,124.92,34.1,28.78,-0.5,0.1,274.2,-57.9,82.1,27.9,302,755,19.7,19.1,1
R13,Region XIII (Caraga),2016,10,2016-10,train,352,3,13.34,27.08,273.9,83.7,0,2638325,124.92,34.1,28.78,-0.6,-0.2,183,-9.8,79,27.04,616,837,17.3,19.7,1
R13,Region XIII (Caraga),2016,11,2016-11,train,284,1,10.76,26.28,218.4,86.6,0,2638325,124.92,34.1,28.78,-0.6,-0.4,273.9,-5.9,83.7,27.12,352,678,24.5,17.3,1
R13,Region XIII (Caraga),2016,12,2016-12,train,288,2,10.92,26.1,274,86,0,2638325,124.92,34.1,28.78,-0.6,-0.5,218.4,-14.5,86.6,27.36,284,523,23.5,24.5,1
R13,Region XIII (Caraga),2017,1,2017-01,train,54,1,2.01,25.76,190.5,84.4,0,2679941,126.89,34.73,26.45,-0.4,-0.6,274,-96.6,86,27.08,288,214,26.9,23.5,1
R13,Region XIII (Caraga),2017,2,2017-02,train,83,1,3.1,25.21,159.6,82,0,2679941,126.89,34.73,26.45,-0.4,-0.6,190.5,-53.3,84.4,26.28,54,190,21.3,26.9,1
R13,Region XIII (Caraga),2017,3,2017-03,train,57,0,2.13,25.58,157.2,83.2,0,2679941,126.89,34.73,26.45,-0.2,-0.6,159.6,7,82,26.1,83,59,18,21.3,1
R13,Region XIII (Caraga),2017,4,2017-04,train,77,1,2.87,27.31,63.2,81.1,0,2679941,126.89,34.73,26.45,0,-0.4,157.2,-65.8,83.2,25.76,57,134,19.4,18,1
R13,Region XIII (Caraga),2017,5,2017-05,train,63,0,2.35,27.78,269.3,84.5,0,2679941,126.89,34.73,26.45,0.1,-0.4,63.2,67.5,81.1,25.21,77,42,16.6,19.4,1
R13,Region XIII (Caraga),2017,6,2017-06,train,56,1,2.09,27.91,237.1,84.2,0,2679941,126.89,34.73,26.45,0.1,-0.2,269.3,-25.5,84.5,25.58,63,236,24.5,16.6,1
R13,Region XIII (Caraga),2017,7,2017-07,train,309,1,11.53,26.74,308.4,84.8,0,2679941,126.89,34.73,26.45,0,0,237.1,50.4,84.2,27.31,56,414,22.4,24.5,1
R13,Region XIII (Caraga),2017,8,2017-08,train,417,2,15.56,27.07,306.5,83.1,0,2679941,126.89,34.73,26.45,-0.2,0.1,308.4,89.7,84.8,27.78,309,302,25.3,22.4,1
R13,Region XIII (Caraga),2017,9,2017-09,train,445,4,16.6,26.92,265.4,81.6,0,2679941,126.89,34.73,26.45,-0.5,0.1,306.5,24.6,83.1,27.91,417,616,26.9,25.3,1
R13,Region XIII (Caraga),2017,10,2017-10,train,335,3,12.5,27.08,134.4,81.2,0,2679941,126.89,34.73,26.45,-0.7,0,265.4,-149.3,81.6,26.74,445,352,23.5,26.9,1
R13,Region XIII (Caraga),2017,11,2017-11,train,211,3,7.87,26.42,313.3,87.2,0,2679941,126.89,34.73,26.45,-0.8,-0.2,134.4,89,81.2,27.07,335,284,16.1,23.5,1
R13,Region XIII (Caraga),2017,12,2017-12,train,144,0,5.37,25.4,402.8,89.2,1,2679941,126.89,34.73,26.45,-0.9,-0.5,313.3,114.2,87.2,26.92,211,288,22.9,16.1,1
R13,Region XIII (Caraga),2018,1,2018-01,train,476,1,17.49,24.89,173,83.3,0,2721556,128.86,35.36,24.13,-0.9,-0.7,402.8,-114.1,89.2,27.08,144,54,30.2,22.9,1
R13,Region XIII (Caraga),2018,2,2018-02,train,319,0,11.72,25.45,285.7,86.2,0,2721556,128.86,35.36,24.13,-0.8,-0.8,173,72.8,83.3,26.42,476,83,19.9,30.2,1
R13,Region XIII (Caraga),2018,3,2018-03,train,179,1,6.58,25.83,133.6,81.7,0,2721556,128.86,35.36,24.13,-0.6,-0.9,285.7,-16.6,86.2,25.4,319,57,20.8,19.9,1
R13,Region XIII (Caraga),2018,4,2018-04,train,175,0,6.43,26.18,174.7,83.4,0,2721556,128.86,35.36,24.13,-0.4,-0.9,133.6,45.7,81.7,24.89,179,77,17.6,20.8,1
R13,Region XIII (Caraga),2018,5,2018-05,train,320,2,11.76,26.95,203.2,81.1,0,2721556,128.86,35.36,24.13,-0.2,-0.8,174.7,1.3,83.4,25.45,175,63,18.2,17.6,1
R13,Region XIII (Caraga),2018,6,2018-06,train,355,2,13.04,26.73,420.2,86.7,0,2721556,128.86,35.36,24.13,0,-0.6,203.2,157.7,81.1,25.83,320,56,21,18.2,1
R13,Region XIII (Caraga),2018,7,2018-07,train,1024,5,37.63,27.24,335,84.4,1,2721556,128.86,35.36,24.13,0.2,-0.4,420.2,76.9,86.7,26.18,355,309,32.7,21,1
R13,Region XIII (Caraga),2018,8,2018-08,train,1631,6,59.93,27.25,95.6,78.7,0,2721556,128.86,35.36,24.13,0.3,-0.2,335,-121.2,84.4,26.95,1024,417,27,32.7,1
R13,Region XIII (Caraga),2018,9,2018-09,train,1172,5,43.06,26.27,306.4,82.1,0,2721556,128.86,35.36,24.13,0.5,0,95.6,65.6,78.7,26.73,1631,445,21.4,27,1
R13,Region XIII (Caraga),2018,10,2018-10,train,1389,9,51.04,26.98,476.6,87.3,0,2721556,128.86,35.36,24.13,0.7,0.2,306.4,192.9,82.1,27.24,1172,335,22.5,21.4,1
R13,Region XIII (Caraga),2018,11,2018-11,train,1081,7,39.72,26.84,231,84.3,0,2721556,128.86,35.36,24.13,0.8,0.3,476.6,6.7,87.3,27.25,1389,211,28.9,22.5,1
R13,Region XIII (Caraga),2018,12,2018-12,train,206,1,7.57,26.42,454.6,88.8,0,2721556,128.86,35.36,24.13,0.8,0.5,231,166.1,84.3,26.27,1081,144,22.6,28.9,1
R13,Region XIII (Caraga),2019,1,2019-01,test,404,1,14.62,25.1,455.3,88.9,0,2763172,130.83,35.99,24.13,0.7,0.7,454.6,168.2,88.8,26.98,206,476,28.1,22.6,1
R13,Region XIII (Caraga),2019,2,2019-02,test,281,3,10.17,26.21,217.7,84,0,2763172,130.83,35.99,24.13,0.7,0.8,455.3,4.8,88.9,26.84,404,319,31.6,28.1,1
R13,Region XIII (Caraga),2019,3,2019-03,test,208,1,7.53,26.41,126.4,83.7,0,2763172,130.83,35.99,24.13,0.7,0.8,217.7,-23.8,84,26.42,281,179,28.1,31.6,1
R13,Region XIII (Caraga),2019,4,2019-04,test,146,0,5.28,27.1,116.8,82.1,0,2763172,130.83,35.99,24.13,0.7,0.7,126.4,-12.3,83.7,25.1,208,175,22.6,28.1,1
R13,Region XIII (Caraga),2019,5,2019-05,test,260,1,9.41,27.36,182.3,81.9,0,2763172,130.83,35.99,24.13,0.6,0.7,116.8,-19.6,82.1,26.21,146,320,18.7,22.6,1
R13,Region XIII (Caraga),2019,6,2019-06,test,360,3,13.03,27.55,308.8,83.1,0,2763172,130.83,35.99,24.13,0.5,0.7,182.3,46.2,81.9,26.41,260,355,17.4,18.7,1
R13,Region XIII (Caraga),2019,7,2019-07,test,679,2,24.57,27.28,290.5,83.3,0,2763172,130.83,35.99,24.13,0.3,0.7,308.8,32.5,83.1,27.1,360,1024,28,17.4,1
R13,Region XIII (Caraga),2019,8,2019-08,test,623,0,22.55,27.62,238,81.1,0,2763172,130.83,35.99,24.13,0.2,0.6,290.5,21.3,83.3,27.36,679,1631,22.6,28,1
R13,Region XIII (Caraga),2019,9,2019-09,test,1489,9,53.89,27.37,223.3,80.8,0,2763172,130.83,35.99,24.13,0.2,0.5,238,-17.5,81.1,27.55,623,1172,28.5,22.6,1
R13,Region XIII (Caraga),2019,10,2019-10,test,1358,10,49.15,27.08,116.9,78.7,0,2763172,130.83,35.99,24.13,0.3,0.3,223.3,-166.8,80.8,27.28,1489,1389,19.8,28.5,1
R13,Region XIII (Caraga),2019,11,2019-11,test,596,4,21.57,26.65,243.6,82.9,0,2763172,130.83,35.99,24.13,0.5,0.2,116.9,19.3,78.7,27.62,1358,1081,19.9,19.8,1
R13,Region XIII (Caraga),2019,12,2019-12,test,378,1,13.68,26.33,270.9,84.4,0,2763172,130.83,35.99,24.13,0.5,0.2,243.6,-17.6,82.9,27.37,596,206,25.4,19.9,1
R13,Region XIII (Caraga),2020,1,2020-01,diagnostic_excluded,119,1,4.24,26.07,250.9,84.7,0,2804788,132.8,36.62,24.13,0.5,0.3,270.9,-36.2,84.4,27.08,378,404,20.5,25.4,1
R13,Region XIII (Caraga),2020,2,2020-02,diagnostic_excluded,218,1,7.77,25.5,282,85.8,0,2804788,132.8,36.62,24.13,0.5,0.5,250.9,69.1,84.7,26.65,119,281,18.7,20.5,1
R13,Region XIII (Caraga),2020,3,2020-03,diagnostic_excluded,242,2,8.63,26.48,167.1,82.4,0,2804788,132.8,36.62,24.13,0.4,0.5,282,16.9,85.8,26.33,218,208,21.5,18.7,1
R13,Region XIII (Caraga),2020,4,2020-04,diagnostic_excluded,146,0,5.21,26.77,129.8,82.4,0,2804788,132.8,36.62,24.13,0.2,0.5,167.1,0.8,82.4,26.07,242,146,22.1,21.5,1
R13,Region XIII (Caraga),2020,5,2020-05,diagnostic_excluded,202,2,7.2,27.89,240.7,83.4,0,2804788,132.8,36.62,24.13,0,0.5,129.8,38.8,82.4,25.5,146,260,16.2,22.1,1
R13,Region XIII (Caraga),2020,6,2020-06,diagnostic_excluded,283,2,10.09,26.92,186.7,81.9,0,2804788,132.8,36.62,24.13,-0.3,0.4,240.7,-75.8,83.4,26.48,202,360,22.4,16.2,1
R13,Region XIII (Caraga),2020,7,2020-07,diagnostic_excluded,326,0,11.62,26.57,354.9,84.1,0,2804788,132.8,36.62,24.13,-0.4,0.2,186.7,96.8,81.9,26.77,283,679,22.6,22.4,1
R13,Region XIII (Caraga),2020,8,2020-08,diagnostic_excluded,503,5,17.93,26.69,203,81.6,0,2804788,132.8,36.62,24.13,-0.6,0,354.9,-13.8,84.1,27.89,326,623,32.3,22.6,1
R13,Region XIII (Caraga),2020,9,2020-09,diagnostic_excluded,784,4,27.95,27.14,263,83.5,1,2804788,132.8,36.62,24.13,-0.9,-0.3,203,22.1,81.6,26.92,503,1489,22.1,32.3,1
R13,Region XIII (Caraga),2020,10,2020-10,diagnostic_excluded,406,4,14.48,26.56,446.9,87.3,0,2804788,132.8,36.62,24.13,-1.2,-0.4,263,163.2,83.5,26.57,784,1358,23.3,22.1,1
R13,Region XIII (Caraga),2020,11,2020-11,diagnostic_excluded,583,2,20.79,26.47,228,86,0,2804788,132.8,36.62,24.13,-1.3,-0.6,446.9,3.7,87.3,26.69,406,596,28.7,23.3,1
R13,Region XIII (Caraga),2020,12,2020-12,diagnostic_excluded,325,3,11.59,25.81,138.7,85.5,0,2804788,132.8,36.62,24.13,-1.2,-0.9,228,-149.9,86,27.14,583,378,19.1,28.7,1
R2,Region II (Cagayan Valley),2016,1,2016-01,train,188,1,5.37,23.07,95.4,82.7,0,3498277,117.25,19.28,12.9,2,2.1,274.5,-84.3,83.1,25.5,495,169,25.3,25.7,1
R2,Region II (Cagayan Valley),2016,2,2016-02,train,86,0,2.46,23.15,192.7,86.8,0,3498277,117.25,19.28,12.9,1.9,2.2,95.4,45.7,82.7,25.56,188,164,15,25.3,1
R2,Region II (Cagayan Valley),2016,3,2016-03,train,56,0,1.6,23.99,153.9,84.3,0,3498277,117.25,19.28,12.9,1.6,2.3,192.7,64.1,86.8,24.2,86,51,22.4,15,1
R2,Region II (Cagayan Valley),2016,4,2016-04,train,71,0,2.03,26.33,111.7,84.8,0,3498277,117.25,19.28,12.9,1.1,2,153.9,25,84.3,23.07,56,142,23.5,22.4,1
R2,Region II (Cagayan Valley),2016,5,2016-05,train,95,0,2.72,27.7,169.9,81.1,0,3498277,117.25,19.28,12.9,0.6,1.9,111.7,-54.1,84.8,23.15,71,215,15.7,23.5,1
R2,Region II (Cagayan Valley),2016,6,2016-06,train,133,1,3.8,28.27,174.4,81.7,0,3498277,117.25,19.28,12.9,0.1,1.6,169.9,-17.1,81.1,23.99,95,311,18.9,15.7,1
R2,Region II (Cagayan Valley),2016,7,2016-07,train,360,1,10.29,27.1,366.6,81.6,0,3498277,117.25,19.28,12.9,-0.2,1.1,174.4,43.2,81.7,26.33,133,392,20.8,18.9,1
R2,Region II (Cagayan Valley),2016,8,2016-08,train,367,1,10.49,27.19,381.1,84.9,0,3498277,117.25,19.28,12.9,-0.4,0.6,366.6,64.5,81.6,27.7,360,1073,30.9,20.8,1
R2,Region II (Cagayan Valley),2016,9,2016-09,train,420,0,12.01,26.38,236.1,84.1,0,3498277,117.25,19.28,12.9,-0.5,0.1,381.1,-30.3,84.9,28.27,367,1866,31.5,30.9,1
R2,Region II (Cagayan Valley),2016,10,2016-10,train,539,3,15.41,25.77,287.1,83.8,0,3498277,117.25,19.28,12.9,-0.6,-0.2,236.1,-26.8,84.1,27.1,420,1260,21.9,31.5,1
R2,Region II (Cagayan Valley),2016,11,2016-11,train,194,1,5.55,24.2,284,86.2,0,3498277,117.25,19.28,12.9,-0.6,-0.4,287.1,-38.7,83.8,27.19,539,456,27.9,21.9,1
R2,Region II (Cagayan Valley),2016,12,2016-12,train,165,2,4.72,23.47,143.2,83.6,0,3498277,117.25,19.28,12.9,-0.6,-0.5,284,-268.8,86.2,26.38,194,495,24.7,27.9,1
R2,Region II (Cagayan Valley),2017,1,2017-01,train,49,0,1.38,22.66,185.2,87.1,0,3545144,118.82,19.33,12.69,-0.4,-0.6,143.2,5.5,83.6,25.77,165,188,16.3,24.7,1
R2,Region II (Cagayan Valley),2017,2,2017-02,train,49,1,1.38,22.12,177.9,84.5,0,3545144,118.82,19.33,12.69,-0.4,-0.6,185.2,30.9,87.1,24.2,49,86,23.5,16.3,1
R2,Region II (Cagayan Valley),2017,3,2017-03,train,46,0,1.3,23.45,85.9,81.7,0,3545144,118.82,19.33,12.69,-0.2,-0.6,177.9,-3.9,84.5,23.47,49,56,19.2,23.5,1
R2,Region II (Cagayan Valley),2017,4,2017-04,train,60,0,1.69,26.18,124.4,82.7,0,3545144,118.82,19.33,12.69,0,-0.4,85.9,37.7,81.7,22.66,46,71,17.2,19.2,1
R2,Region II (Cagayan Valley),2017,5,2017-05,train,35,1,0.99,27.68,260.7,80.4,0,3545144,118.82,19.33,12.69,0.1,-0.4,124.4,36.7,82.7,22.12,60,95,16.4,17.2,1
R2,Region II (Cagayan Valley),2017,6,2017-06,train,137,1,3.86,27.89,155.2,80,0,3545144,118.82,19.33,12.69,0.1,-0.2,260.7,-36.3,80.4,23.45,35,133,23.1,16.4,1
R2,Region II (Cagayan Valley),2017,7,2017-07,train,315,1,8.89,27.19,282.6,81.5,0,3545144,118.82,19.33,12.69,0,0,155.2,-40.9,80,26.18,137,360,13.3,23.1,1
R2,Region II (Cagayan Valley),2017,8,2017-08,train,241,1,6.8,26.7,552.2,90.1,0,3545144,118.82,19.33,12.69,-0.2,0.1,282.6,235.6,81.5,27.68,315,367,24.8,13.3,1
R2,Region II (Cagayan Valley),2017,9,2017-09,train,596,3,16.81,26.85,418,87.3,0,3545144,118.82,19.33,12.69,-0.5,0.1,552.2,151.6,90.1,27.89,241,420,39.1,24.8,1
R2,Region II (Cagayan Valley),2017,10,2017-10,train,366,1,10.32,25.38,376.9,84.9,0,3545144,118.82,19.33,12.69,-0.7,0,418,63,87.3,27.19,596,539,25.7,39.1,1
R2,Region II (Cagayan Valley),2017,11,2017-11,train,133,0,3.75,25.03,507.5,91.3,0,3545144,118.82,19.33,12.69,-0.8,-0.2,376.9,184.7,84.9,26.7,366,194,30,25.7,1
R2,Region II (Cagayan Valley),2017,12,2017-12,train,142,1,4.01,23.44,618.4,91.9,0,3545144,118.82,19.33,12.69,-0.9,-0.5,507.5,206.4,91.3,26.85,133,165,30.8,30,1
R2,Region II (Cagayan Valley),2018,1,2018-01,train,372,4,10.36,22.8,153.6,84.5,0,3592010,120.39,19.38,12.47,-0.9,-0.7,618.4,-26.1,91.9,25.38,142,49,40.3,30.8,1
R2,Region II (Cagayan Valley),2018,2,2018-02,train,198,1,5.51,21.63,120.3,83.8,0,3592010,120.39,19.38,12.47,-0.8,-0.8,153.6,-26.7,84.5,25.03,372,49,18.4,40.3,1
R2,Region II (Cagayan Valley),2018,3,2018-03,train,169,1,4.7,23.73,35.5,81.1,0,3592010,120.39,19.38,12.47,-0.6,-0.9,120.3,-54.3,83.8,23.44,198,46,27.3,18.4,1
R2,Region II (Cagayan Valley),2018,4,2018-04,train,205,1,5.71,25.93,57.6,80,0,3592010,120.39,19.38,12.47,-0.4,-0.9,35.5,-29.1,81.1,22.8,169,60,15.1,27.3,1
R2,Region II (Cagayan Valley),2018,5,2018-05,train,221,1,6.15,27.16,184.5,81.1,0,3592010,120.39,19.38,12.47,-0.2,-0.8,57.6,-39.5,80,21.63,205,35,14,15.1,1
R2,Region II (Cagayan Valley),2018,6,2018-06,train,243,1,6.77,26.63,324.8,83.5,0,3592010,120.39,19.38,12.47,0,-0.6,184.5,133.3,81.1,23.73,221,137,19.7,14,1
R2,Region II (Cagayan Valley),2018,7,2018-07,train,539,3,15.01,27.37,466.9,85.8,0,3592010,120.39,19.38,12.47,0.2,-0.4,324.8,143.4,83.5,25.93,243,315,24.7,19.7,1
R2,Region II (Cagayan Valley),2018,8,2018-08,train,1265,3,35.22,26.5,213.4,81.2,0,3592010,120.39,19.38,12.47,0.3,-0.2,466.9,-103.2,85.8,27.16,539,241,33.1,24.7,1
R2,Region II (Cagayan Valley),2018,9,2018-09,train,937,4,26.09,26.86,337.6,85.8,0,3592010,120.39,19.38,12.47,0.5,0,213.4,71.2,81.2,26.63,1265,596,25.8,33.1,1
R2,Region II (Cagayan Valley),2018,10,2018-10,train,1691,5,47.08,25.51,165.4,85,0,3592010,120.39,19.38,12.47,0.7,0.2,337.6,-148.5,85.8,27.37,937,366,24.9,25.8,1
R2,Region II (Cagayan Valley),2018,11,2018-11,train,409,3,11.39,25.05,250.8,86.2,0,3592010,120.39,19.38,12.47,0.8,0.3,165.4,-72,85,26.5,1691,133,15.9,24.9,1
R2,Region II (Cagayan Valley),2018,12,2018-12,train,408,1,11.36,23.06,300.4,84.4,0,3592010,120.39,19.38,12.47,0.8,0.5,250.8,-111.6,86.2,26.86,409,142,18.6,15.9,1
R2,Region II (Cagayan Valley),2019,1,2019-01,test,388,2,10.66,22.93,359.7,88.4,0,3638877,121.96,19.43,12.47,0.7,0.7,300.4,180,84.4,25.51,408,372,31.7,18.6,1
R2,Region II (Cagayan Valley),2019,2,2019-02,test,279,0,7.67,23.26,131.1,84.1,0,3638877,121.96,19.43,12.47,0.7,0.8,359.7,-16,88.4,25.05,388,198,25.2,31.7,1
R2,Region II (Cagayan Valley),2019,3,2019-03,test,247,2,6.79,24.67,68.4,83.4,0,3638877,121.96,19.43,12.47,0.7,0.8,131.1,-21.4,84.1,23.06,279,169,15.2,25.2,1
R2,Region II (Cagayan Valley),2019,4,2019-04,test,302,2,8.3,26.38,148.9,83.2,0,3638877,121.96,19.43,12.47,0.7,0.7,68.4,62.2,83.4,22.93,247,205,14.2,15.2,1
R2,Region II (Cagayan Valley),2019,5,2019-05,test,393,0,10.8,27.62,246.9,82.5,0,3638877,121.96,19.43,12.47,0.6,0.7,148.9,22.9,83.2,23.26,302,221,16.6,14.2,1
R2,Region II (Cagayan Valley),2019,6,2019-06,test,604,2,16.6,27.62,304.1,81.4,0,3638877,121.96,19.43,12.47,0.5,0.7,246.9,112.6,82.5,24.67,393,243,26.6,16.6,1
R2,Region II (Cagayan Valley),2019,7,2019-07,test,1105,4,30.37,27.19,250.2,80.4,0,3638877,121.96,19.43,12.47,0.3,0.7,304.1,-73.2,81.4,26.38,604,539,30.3,26.6,1
R2,Region II (Cagayan Valley),2019,8,2019-08,test,1534,7,42.16,27.51,434.2,87.1,0,3638877,121.96,19.43,12.47,0.2,0.6,250.2,117.5,80.4,27.62,1105,1265,22.6,30.3,1
R2,Region II (Cagayan Valley),2019,9,2019-09,test,1341,8,36.85,27.04,636,94.1,0,3638877,121.96,19.43,12.47,0.2,0.5,434.2,369.6,87.1,27.62,1534,937,32.3,22.6,1
R2,Region II (Cagayan Valley),2019,10,2019-10,test,2422,11,66.56,24.89,161.9,83,0,3638877,121.96,19.43,12.47,0.3,0.3,636,-152,94.1,27.19,1341,1691,37.2,32.3,1
R2,Region II (Cagayan Valley),2019,11,2019-11,test,1204,6,33.09,24.63,229.5,85.9,0,3638877,121.96,19.43,12.47,0.5,0.2,161.9,-93.2,83,27.51,2422,409,21.3,37.2,1
R2,Region II (Cagayan Valley),2019,12,2019-12,test,752,3,20.67,23.65,324.2,86.9,0,3638877,121.96,19.43,12.47,0.5,0.2,229.5,-87.9,85.9,27.04,1204,408,21,21.3,1
R2,Region II (Cagayan Valley),2020,1,2020-01,diagnostic_excluded,228,1,6.19,23.3,210.6,87.8,0,3685744,123.53,19.47,12.47,0.5,0.3,324.2,30.8,86.9,24.89,752,388,29.5,21,1
R2,Region II (Cagayan Valley),2020,2,2020-02,diagnostic_excluded,216,3,5.86,22.69,103.7,82.6,1,3685744,123.53,19.47,12.47,0.5,0.5,210.6,-43.3,87.8,24.63,228,279,21.6,29.5,1
R2,Region II (Cagayan Valley),2020,3,2020-03,diagnostic_excluded,162,1,4.4,24.55,172,84.3,0,3685744,123.53,19.47,12.47,0.4,0.5,103.7,82.2,82.6,23.65,216,247,21.5,21.6,1
R2,Region II (Cagayan Valley),2020,4,2020-04,diagnostic_excluded,112,1,3.04,25.96,183.2,82.9,0,3685744,123.53,19.47,12.47,0.2,0.5,172,96.5,84.3,23.3,162,302,21,21.5,1
R2,Region II (Cagayan Valley),2020,5,2020-05,diagnostic_excluded,171,1,4.64,27.98,239,79.1,0,3685744,123.53,19.47,12.47,0,0.5,183.2,14.9,82.9,22.69,112,393,17.7,21,1
R2,Region II (Cagayan Valley),2020,6,2020-06,diagnostic_excluded,319,2,8.65,28.3,405.8,85.2,0,3685744,123.53,19.47,12.47,-0.3,0.4,239,214.3,79.1,24.55,171,604,23,17.7,1
R2,Region II (Cagayan Valley),2020,7,2020-07,diagnostic_excluded,492,2,13.35,27.3,900,92.7,0,3685744,123.53,19.47,12.47,-0.4,0.2,405.8,576.6,85.2,25.96,319,1105,29.7,23,1
R2,Region II (Cagayan Valley),2020,8,2020-08,diagnostic_excluded,856,2,23.22,26.91,723.7,92.3,0,3685744,123.53,19.47,12.47,-0.6,0,900,407.1,92.7,27.98,492,1534,42,29.7,1
R2,Region II (Cagayan Valley),2020,9,2020-09,diagnostic_excluded,2381,7,64.6,26.23,124.4,82.6,0,3685744,123.53,19.47,12.47,-0.9,-0.3,723.7,-142,92.3,28.3,856,1341,39,42,1
R2,Region II (Cagayan Valley),2020,10,2020-10,diagnostic_excluded,957,1,25.96,25.98,451.4,87.7,0,3685744,123.53,19.47,12.47,-1.2,-0.4,124.4,137.5,82.6,27.3,2381,2422,16.2,39,1
R2,Region II (Cagayan Valley),2020,11,2020-11,diagnostic_excluded,485,0,13.16,24.68,410.9,88.2,0,3685744,123.53,19.47,12.47,-1.3,-0.6,451.4,88.2,87.7,26.91,957,1204,28.6,16.2,1
R2,Region II (Cagayan Valley),2020,12,2020-12,diagnostic_excluded,339,2,9.2,23.3,732.4,93.6,0,3685744,123.53,19.47,12.47,-1.2,-0.9,410.9,320.3,88.2,26.23,485,752,25.5,28.6,1
R3,Region III (Central Luzon),2016,1,2016-01,train,1002,3,8.74,25.93,80.7,78.4,0,11458976,523.09,62.56,7.25,2,2.1,284,4.9,84.6,26.85,1115,828,19.1,27.4,1
R3,Region III (Central Luzon),2016,2,2016-02,train,1297,3,11.32,25.98,128.4,80.3,0,11458976,523.09,62.56,7.25,1.9,2.2,80.7,81.5,78.4,27.1,1002,618,13.2,19.1,1
R3,Region III (Central Luzon),2016,3,2016-03,train,957,4,8.35,27.19,79.6,76,0,11458976,523.09,62.56,7.25,1.6,2.3,128.4,46.3,80.3,27.21,1297,544,24,13.2,1
R3,Region III (Central Luzon),2016,4,2016-04,train,671,2,5.86,28.05,40.9,75.5,0,11458976,523.09,62.56,7.25,1.1,2,79.6,-9.5,76,25.93,957,562,16.4,24,1
R3,Region III (Central Luzon),2016,5,2016-05,train,1187,10,10.36,28.7,171.6,77.4,0,11458976,523.09,62.56,7.25,0.6,1.9,40.9,-19.4,75.5,25.98,671,454,15.5,16.4,1
R3,Region III (Central Luzon),2016,6,2016-06,train,1175,4,10.25,28.17,215.1,82,1,11458976,523.09,62.56,7.25,0.1,1.6,171.6,-73.4,77.4,27.19,1187,1499,25.8,15.5,1
R3,Region III (Central Luzon),2016,7,2016-07,train,1672,9,14.59,27.31,900,96.5,0,11458976,523.09,62.56,7.25,-0.2,1.1,215.1,468,82,28.05,1175,2345,25.4,25.8,1
R3,Region III (Central Luzon),2016,8,2016-08,train,5565,30,48.56,26.7,381.3,85.7,0,11458976,523.09,62.56,7.25,-0.4,0.6,900,-38.3,96.5,28.7,1672,2672,42,25.4,1
R3,Region III (Central Luzon),2016,9,2016-09,train,5863,25,51.17,26.35,378,86.5,0,11458976,523.09,62.56,7.25,-0.5,0.1,381.3,69.5,85.7,28.17,5565,2330,27,42,1
R3,Region III (Central Luzon),2016,10,2016-10,train,3185,7,27.79,27.16,356.7,84,0,11458976,523.09,62.56,7.25,-0.6,-0.2,378,57.3,86.5,27.31,5863,2590,27.9,27,1
R3,Region III (Central Luzon),2016,11,2016-11,train,911,5,7.95,25.48,179.4,82.1,0,11458976,523.09,62.56,7.25,-0.6,-0.4,356.7,25.5,84,26.7,3185,2491,33,27.9,1
R3,Region III (Central Luzon),2016,12,2016-12,train,587,2,5.12,25.51,332.3,85,0,11458976,523.09,62.56,7.25,-0.6,-0.5,179.4,165.6,82.1,26.35,911,1115,22,33,1
R3,Region III (Central Luzon),2017,1,2017-01,train,969,0,8.28,24.45,83.6,79.3,0,11699775,534.09,63.48,6.2,-0.4,-0.6,332.3,7.8,85,27.16,587,1002,27.6,22,1
R3,Region III (Central Luzon),2017,2,2017-02,train,1073,3,9.17,24.09,43.5,75,0,11699775,534.09,63.48,6.2,-0.4,-0.6,83.6,-3.4,79.3,25.48,969,1297,15.6,27.6,1
R3,Region III (Central Luzon),2017,3,2017-03,train,306,1,2.62,26,16.1,71.8,0,11699775,534.09,63.48,6.2,-0.2,-0.6,43.5,-17.2,75,25.51,1073,957,17.5,15.6,1
R3,Region III (Central Luzon),2017,4,2017-04,train,525,6,4.49,28.36,44.5,76.1,0,11699775,534.09,63.48,6.2,0,-0.4,16.1,-5.9,71.8,24.45,306,671,15.9,17.5,1
R3,Region III (Central Luzon),2017,5,2017-05,train,480,1,4.1,28.51,283.3,79.2,0,11699775,534.09,63.48,6.2,0.1,-0.4,44.5,92.3,76.1,24.09,525,1187,17.5,15.9,1
R3,Region III (Central Luzon),2017,6,2017-06,train,1415,3,12.09,27.88,525.1,89.4,0,11699775,534.09,63.48,6.2,0.1,-0.2,283.3,236.6,79.2,26,480,1175,25,17.5,1
R3,Region III (Central Luzon),2017,7,2017-07,train,5163,16,44.13,26.43,369,82.8,0,11699775,534.09,63.48,6.2,0,0,525.1,-63,89.4,28.36,1415,1672,34.7,25,1
R3,Region III (Central Luzon),2017,8,2017-08,train,6810,42,58.21,26.34,169.3,83.2,0,11699775,534.09,63.48,6.2,-0.2,0.1,369,-250.3,82.8,28.51,5163,5565,29,34.7,1
R3,Region III (Central Luzon),2017,9,2017-09,train,8615,45,73.63,25.97,694.1,93.5,0,11699775,534.09,63.48,6.2,-0.5,0.1,169.3,385.6,83.2,27.88,6810,5863,23.9,29,1
R3,Region III (Central Luzon),2017,10,2017-10,train,7405,42,63.29,26.36,195.5,82.1,0,11699775,534.09,63.48,6.2,-0.7,0,694.1,-103.9,93.5,26.43,8615,3185,40.7,23.9,1
R3,Region III (Central Luzon),2017,11,2017-11,train,4677,18,39.98,25.87,137.5,80.2,0,11699775,534.09,63.48,6.2,-0.8,-0.2,195.5,-16.4,82.1,26.34,7405,911,20.9,40.7,1
R3,Region III (Central Luzon),2017,12,2017-12,train,1955,12,16.71,25.18,174.7,81.8,0,11699775,534.09,63.48,6.2,-0.9,-0.5,137.5,8.1,80.2,25.97,4677,587,21.8,20.9,1
R3,Region III (Central Luzon),2018,1,2018-01,train,1298,9,10.87,24.22,63.7,79.3,0,11940574,545.08,64.41,5.15,-0.9,-0.7,174.7,-12.1,81.8,26.36,1955,969,25.3,21.8,1
R3,Region III (Central Luzon),2018,2,2018-02,train,1248,2,10.45,24.71,16.9,75.3,0,11940574,545.08,64.41,5.15,-0.8,-0.8,63.7,-29.9,79.3,25.87,1298,1073,10.6,25.3,1
R3,Region III (Central Luzon),2018,3,2018-03,train,952,5,7.97,26.34,13.6,74.7,0,11940574,545.08,64.41,5.15,-0.6,-0.9,16.9,-19.7,75.3,25.18,1248,306,11.1,10.6,1
R3,Region III (Central Luzon),2018,4,2018-04,train,841,3,7.04,27.64,23.7,73.9,0,11940574,545.08,64.41,5.15,-0.4,-0.9,13.6,-26.6,74.7,24.22,952,525,16.2,11.1,1
R3,Region III (Central Luzon),2018,5,2018-05,train,1209,1,10.13,28.02,222.2,78,0,11940574,545.08,64.41,5.15,-0.2,-0.8,23.7,31.2,73.9,24.71,841,480,15,16.2,1
R3,Region III (Central Luzon),2018,6,2018-06,train,1959,7,16.41,27.19,551,88.3,0,11940574,545.08,64.41,5.15,0,-0.6,222.2,262.5,78,26.34,1209,1415,26.2,15,1
R3,Region III (Central Luzon),2018,7,2018-07,train,5744,20,48.1,26.37,358.3,84,0,11940574,545.08,64.41,5.15,0.2,-0.4,551,-73.7,88.3,27.64,1959,5163,35.3,26.2,1
R3,Region III (Central Luzon),2018,8,2018-08,train,11227,45,94.02,26.93,543.1,91.2,0,11940574,545.08,64.41,5.15,0.3,-0.2,358.3,123.5,84,28.02,5744,6810,31.8,35.3,1
R3,Region III (Central Luzon),2018,9,2018-09,train,3977,10,33.31,27.28,278.4,86.3,0,11940574,545.08,64.41,5.15,0.5,0,543.1,-30.2,91.2,27.19,11227,8615,33.5,31.8,1
R3,Region III (Central Luzon),2018,10,2018-10,train,6037,21,50.56,26.57,198.7,81.4,0,11940574,545.08,64.41,5.15,0.7,0.2,278.4,-100.7,86.3,26.37,3977,7405,32.1,33.5,1
R3,Region III (Central Luzon),2018,11,2018-11,train,3861,17,32.34,26.18,103.3,79.6,0,11940574,545.08,64.41,5.15,0.8,0.3,198.7,-50.6,81.4,26.93,6037,4677,20.4,32.1,1
R3,Region III (Central Luzon),2018,12,2018-12,train,635,0,5.32,25.96,307,82.8,0,11940574,545.08,64.41,5.15,0.8,0.5,103.3,140.4,79.6,27.28,3861,1955,17.4,20.4,1
R3,Region III (Central Luzon),2019,1,2019-01,test,2823,10,23.17,24.44,198.7,80.7,0,12181373,556.07,65.33,5.15,0.7,0.7,307,122.9,82.8,26.57,635,1298,27.3,17.4,1
R3,Region III (Central Luzon),2019,2,2019-02,test,1191,4,9.78,25.38,84.6,75.8,0,12181373,556.07,65.33,5.15,0.7,0.8,198.7,37.8,80.7,26.18,2823,1248,25.2,27.3,1
R3,Region III (Central Luzon),2019,3,2019-03,test,2087,9,17.13,26.68,62.3,72.5,1,12181373,556.07,65.33,5.15,0.7,0.8,84.6,29,75.8,25.96,1191,952,19.8,25.2,1
R3,Region III (Central Luzon),2019,4,2019-04,test,2506,8,20.57,27.73,41.8,73.9,0,12181373,556.07,65.33,5.15,0.7,0.7,62.3,-8.6,72.5,24.44,2087,841,16.2,19.8,1
R3,Region III (Central Luzon),2019,5,2019-05,test,2300,6,18.88,28.52,173.4,77.7,0,12181373,556.07,65.33,5.15,0.6,0.7,41.8,-17.6,73.9,25.38,2506,1209,20.7,16.2,1
R3,Region III (Central Luzon),2019,6,2019-06,test,3576,13,29.36,27.92,259.5,84.3,0,12181373,556.07,65.33,5.15,0.5,0.7,173.4,-29,77.7,26.68,2300,1959,25.8,20.7,1
R3,Region III (Central Luzon),2019,7,2019-07,test,9338,61,76.66,26.84,298.4,84.2,0,12181373,556.07,65.33,5.15,0.3,0.7,259.5,-133.6,84.3,27.73,3576,5744,28.8,25.8,1
R3,Region III (Central Luzon),2019,8,2019-08,test,17448,68,143.24,26.39,427.7,87.5,0,12181373,556.07,65.33,5.15,0.2,0.6,298.4,8.1,84.2,28.52,9338,11227,26,28.8,1
R3,Region III (Central Luzon),2019,9,2019-09,test,15966,58,131.07,26.98,334,86.2,1,12181373,556.07,65.33,5.15,0.2,0.5,427.7,25.4,87.5,27.92,17448,3977,29.1,26,1
R3,Region III (Central Luzon),2019,10,2019-10,test,14061,52,115.43,26.63,346.4,84.5,0,12181373,556.07,65.33,5.15,0.3,0.3,334,47,86.2,26.84,15966,6037,29.4,29.1,1
R3,Region III (Central Luzon),2019,11,2019-11,test,4598,31,37.75,26.33,167.9,81.9,0,12181373,556.07,65.33,5.15,0.5,0.2,346.4,13.9,84.5,26.39,14061,3861,27.8,29.4,1
R3,Region III (Central Luzon),2019,12,2019-12,test,4353,11,35.73,25.91,214.6,82.3,0,12181373,556.07,65.33,5.15,0.5,0.2,167.9,48,81.9,26.98,4598,635,18.7,27.8,1
R3,Region III (Central Luzon),2020,1,2020-01,diagnostic_excluded,1344,6,10.82,25.44,47.9,77.9,0,12422172,567.06,66.25,5.15,0.5,0.3,214.6,-27.9,82.3,26.63,4353,2823,22.6,18.7,1
R3,Region III (Central Luzon),2020,2,2020-02,diagnostic_excluded,969,5,7.8,25.39,59.5,77,0,12422172,567.06,66.25,5.15,0.5,0.5,47.9,12.6,77.9,26.33,1344,1191,15.8,22.6,1
R3,Region III (Central Luzon),2020,3,2020-03,diagnostic_excluded,526,2,4.23,26.64,91.7,75.6,0,12422172,567.06,66.25,5.15,0.4,0.5,59.5,58.5,77,25.91,969,2087,11.2,15.8,1
R3,Region III (Central Luzon),2020,4,2020-04,diagnostic_excluded,715,5,5.76,27.78,129.5,76.5,0,12422172,567.06,66.25,5.15,0.2,0.5,91.7,79.1,75.6,25.44,526,2506,20.5,11.2,1
R3,Region III (Central Luzon),2020,5,2020-05,diagnostic_excluded,892,6,7.18,28.34,159.5,77.3,0,12422172,567.06,66.25,5.15,0,0.5,129.5,-31.5,76.5,25.39,715,2300,11.3,20.5,1
R3,Region III (Central Luzon),2020,6,2020-06,diagnostic_excluded,815,3,6.56,27.53,306.1,86.2,0,12422172,567.06,66.25,5.15,-0.3,0.4,159.5,17.6,77.3,26.64,892,3576,16.8,11.3,1
R3,Region III (Central Luzon),2020,7,2020-07,diagnostic_excluded,1943,2,15.64,26.46,207.2,81.2,0,12422172,567.06,66.25,5.15,-0.4,0.2,306.1,-224.8,86.2,27.78,815,9338,31.8,16.8,1
R3,Region III (Central Luzon),2020,8,2020-08,diagnostic_excluded,6541,19,52.66,27.03,300.2,84.7,0,12422172,567.06,66.25,5.15,-0.6,0,207.2,-119.4,81.2,28.34,1943,17448,16.8,31.8,1
R3,Region III (Central Luzon),2020,9,2020-09,diagnostic_excluded,4163,22,33.51,27.08,336.5,86.6,0,12422172,567.06,66.25,5.15,-0.9,-0.3,300.2,28,84.7,27.53,6541,15966,25.6,16.8,1
R3,Region III (Central Luzon),2020,10,2020-10,diagnostic_excluded,3119,8,25.11,26.42,288.3,84.8,1,12422172,567.06,66.25,5.15,-1.2,-0.4,336.5,-11,86.6,26.46,4163,14061,29.1,25.6,1
R3,Region III (Central Luzon),2020,11,2020-11,diagnostic_excluded,2958,6,23.81,25.97,77.5,81.1,0,12422172,567.06,66.25,5.15,-1.3,-0.6,288.3,-76.5,84.8,27.03,3119,4598,20.3,29.1,1
R3,Region III (Central Luzon),2020,12,2020-12,diagnostic_excluded,2033,6,16.37,24.78,190.9,82.4,0,12422172,567.06,66.25,5.15,-1.2,-0.9,77.5,24.2,81.1,27.08,2958,4353,16.9,20.3,1
R4A,Region IV-A (CALABARZON),2016,1,2016-01,train,2308,9,15.63,26.22,211.3,84.1,0,14770828,891.08,67.18,7.83,2,2.1,428.4,83.6,86.8,27.7,776,567,32.6,42,1
R4A,Region IV-A (CALABARZON),2016,2,2016-02,train,1160,5,7.85,25.56,103.1,81.9,0,14770828,891.08,67.18,7.83,1.9,2.2,211.3,41.9,84.1,26.85,2308,486,21.9,32.6,1
R4A,Region IV-A (CALABARZON),2016,3,2016-03,train,1467,10,9.93,26.82,62.6,78.4,0,14770828,891.08,67.18,7.83,1.6,2.3,103.1,16.5,81.9,26.46,1160,811,17.2,21.9,1
R4A,Region IV-A (CALABARZON),2016,4,2016-04,train,1559,2,10.55,28.3,81,78.8,0,14770828,891.08,67.18,7.83,1.1,2,62.6,28.6,78.4,26.22,1467,569,13.9,17.2,1
R4A,Region IV-A (CALABARZON),2016,5,2016-05,train,1661,7,11.25,29.62,237.6,81.9,0,14770828,891.08,67.18,7.83,0.6,1.9,81,52.6,78.8,25.56,1559,721,22,13.9,1
R4A,Region IV-A (CALABARZON),2016,6,2016-06,train,1228,5,8.31,28.48,232.1,81.2,0,14770828,891.08,67.18,7.83,0.1,1.6,237.6,-36.2,81.9,26.82,1661,1189,22.9,22,1
R4A,Region IV-A (CALABARZON),2016,7,2016-07,train,6235,26,42.21,27.25,408.2,84.8,0,14770828,891.08,67.18,7.83,-0.2,1.1,232.1,17.3,81.2,28.3,1228,3020,22.7,22.9,1
R4A,Region IV-A (CALABARZON),2016,8,2016-08,train,10425,26,70.58,27.67,611.4,90.5,0,14770828,891.08,67.18,7.83,-0.4,0.6,408.2,283.2,84.8,29.62,6235,4866,26.2,22.7,1
R4A,Region IV-A (CALABARZON),2016,9,2016-09,train,8918,30,60.38,27.31,577.4,88.7,0,14770828,891.08,67.18,7.83,-0.5,0.1,611.4,268,90.5,28.48,10425,3987,42,26.2,1
R4A,Region IV-A (CALABARZON),2016,10,2016-10,train,6507,37,44.05,26.52,494.1,88.2,0,14770828,891.08,67.18,7.83,-0.6,-0.2,577.4,174.8,88.7,27.25,8918,2362,34.6,42,1
R4A,Region IV-A (CALABARZON),2016,11,2016-11,train,6293,17,42.6,25.92,487.7,89.3,0,14770828,891.08,67.18,7.83,-0.6,-0.4,494.1,267.3,88.2,27.67,6507,2488,34.3,34.6,1
R4A,Region IV-A (CALABARZON),2016,12,2016-12,train,4032,20,27.3,26.26,327,86.9,0,14770828,891.08,67.18,7.83,-0.6,-0.5,487.7,-23.8,89.3,27.31,6293,776,35.3,34.3,1
R4A,Region IV-A (CALABARZON),2017,1,2017-01,train,423,2,2.8,25.18,78.6,83.4,0,15126881,912.56,68.01,6.45,-0.4,-0.6,327,-49.1,86.9,26.52,4032,2308,28.9,35.3,1
R4A,Region IV-A (CALABARZON),2017,2,2017-02,train,546,1,3.61,25.21,49.8,79.1,0,15126881,912.56,68.01,6.45,-0.4,-0.6,78.6,-11.3,83.4,25.92,423,1160,19.5,28.9,1
R4A,Region IV-A (CALABARZON),2017,3,2017-03,train,732,2,4.84,26.26,39.3,78.4,0,15126881,912.56,68.01,6.45,-0.2,-0.6,49.8,-6.9,79.1,26.26,546,1467,20,19.5,1
R4A,Region IV-A (CALABARZON),2017,4,2017-04,train,407,0,2.69,28.01,52.1,78.3,0,15126881,912.56,68.01,6.45,0,-0.4,39.3,-0.3,78.4,25.18,732,1559,17.7,20,1
R4A,Region IV-A (CALABARZON),2017,5,2017-05,train,754,5,4.98,28.79,192.2,80.7,1,15126881,912.56,68.01,6.45,0.1,-0.4,52.1,7.2,78.3,25.21,407,1661,15.8,17.7,1
R4A,Region IV-A (CALABARZON),2017,6,2017-06,train,1593,9,10.53,27.41,305.7,87.3,0,15126881,912.56,68.01,6.45,0.1,-0.2,192.2,37.4,80.7,26.26,754,1228,16.1,15.8,1
R4A,Region IV-A (CALABARZON),2017,7,2017-07,train,2969,7,19.63,27.4,411.4,84.7,0,15126881,912.56,68.01,6.45,0,0,305.7,20.5,87.3,28.01,1593,6235,28.8,16.1,1
R4A,Region IV-A (CALABARZON),2017,8,2017-08,train,2726,3,18.02,26.48,182,82.6,0,15126881,912.56,68.01,6.45,-0.2,0.1,411.4,-146.1,84.7,28.79,2969,10425,28.6,28.8,1
R4A,Region IV-A (CALABARZON),2017,9,2017-09,train,4336,18,28.66,27.3,360.3,85.9,0,15126881,912.56,68.01,6.45,-0.5,0.1,182,50.9,82.6,27.41,2726,8918,18.7,28.6,1
R4A,Region IV-A (CALABARZON),2017,10,2017-10,train,3763,19,24.88,26.73,258.5,85,0,15126881,912.56,68.01,6.45,-0.7,0,360.3,-60.8,85.9,27.4,4336,6507,30,18.7,1
R4A,Region IV-A (CALABARZON),2017,11,2017-11,train,1431,7,9.46,26.31,627.9,94.7,0,15126881,912.56,68.01,6.45,-0.8,-0.2,258.5,407.4,85,26.48,3763,6293,26.8,30,1
R4A,Region IV-A (CALABARZON),2017,12,2017-12,train,1195,5,7.9,25.37,306.7,86.1,0,15126881,912.56,68.01,6.45,-0.9,-0.5,627.9,-44,94.7,27.3,1431,4032,36.9,26.8,1
R4A,Region IV-A (CALABARZON),2018,1,2018-01,train,1405,2,9.07,24.82,65.3,81.8,0,15482935,934.04,68.83,5.06,-0.9,-0.7,306.7,-62.4,86.1,26.73,1195,423,24.3,36.9,1
R4A,Region IV-A (CALABARZON),2018,2,2018-02,train,1173,3,7.58,24.64,42.7,80.1,0,15482935,934.04,68.83,5.06,-0.8,-0.8,65.3,-18.4,81.8,26.31,1405,546,13.3,24.3,1
R4A,Region IV-A (CALABARZON),2018,3,2018-03,train,624,4,4.03,25.94,25.5,80.2,0,15482935,934.04,68.83,5.06,-0.6,-0.9,42.7,-20.6,80.1,25.37,1173,732,23.4,13.3,1
R4A,Region IV-A (CALABARZON),2018,4,2018-04,train,505,2,3.26,27.83,22.5,77.3,0,15482935,934.04,68.83,5.06,-0.4,-0.9,25.5,-29.9,80.2,24.82,624,407,15.5,23.4,1
R4A,Region IV-A (CALABARZON),2018,5,2018-05,train,928,4,5.99,27.9,344.1,84.2,0,15482935,934.04,68.83,5.06,-0.2,-0.8,22.5,159.1,77.3,24.64,505,754,11.9,15.5,1
R4A,Region IV-A (CALABARZON),2018,6,2018-06,train,1253,5,8.09,28.15,140.4,80.3,0,15482935,934.04,68.83,5.06,0,-0.6,344.1,-127.9,84.2,25.94,928,1593,32.8,11.9,1
R4A,Region IV-A (CALABARZON),2018,7,2018-07,train,3174,11,20.5,27.35,272.9,83.4,0,15482935,934.04,68.83,5.06,0.2,-0.4,140.4,-118,80.3,27.83,1253,2969,21.9,32.8,1
R4A,Region IV-A (CALABARZON),2018,8,2018-08,train,3091,11,19.96,28.08,388.6,88.8,0,15482935,934.04,68.83,5.06,0.3,-0.2,272.9,60.4,83.4,27.9,3174,2726,21.4,21.9,1
R4A,Region IV-A (CALABARZON),2018,9,2018-09,train,6111,19,39.47,27.12,323.5,85,0,15482935,934.04,68.83,5.06,0.5,0,388.6,14.2,88.8,28.15,3091,4336,29.4,21.4,1
R4A,Region IV-A (CALABARZON),2018,10,2018-10,train,3648,13,23.56,27.06,239.1,82.7,1,15482935,934.04,68.83,5.06,0.7,0.2,323.5,-80.2,85,27.35,6111,3763,26.9,29.4,1
R4A,Region IV-A (CALABARZON),2018,11,2018-11,train,1465,6,9.46,26.24,220,84.5,0,15482935,934.04,68.83,5.06,0.8,0.3,239.1,-0.4,82.7,28.08,3648,1431,23.5,26.9,1
R4A,Region IV-A (CALABARZON),2018,12,2018-12,train,1461,6,9.44,26.34,233.9,84.4,0,15482935,934.04,68.83,5.06,0.8,0.5,220,-116.9,84.5,27.12,1465,1195,21.7,23.5,1
R4A,Region IV-A (CALABARZON),2019,1,2019-01,test,3318,8,20.95,25.86,128,82.2,0,15838988,955.52,69.66,5.06,0.7,0.7,233.9,0.3,84.4,27.06,1461,1405,22.4,21.7,1
R4A,Region IV-A (CALABARZON),2019,2,2019-02,test,3513,8,22.18,25.19,52.3,81.8,0,15838988,955.52,69.66,5.06,0.7,0.8,128,-8.8,82.2,26.24,3318,1173,15.1,22.4,1
R4A,Region IV-A (CALABARZON),2019,3,2019-03,test,3593,15,22.68,26.87,91.9,80.5,0,15838988,955.52,69.66,5.06,0.7,0.8,52.3,45.8,81.8,26.34,3513,624,19.3,15.1,1
R4A,Region IV-A (CALABARZON),2019,4,2019-04,test,2566,13,16.2,28.13,91.9,81,0,15838988,955.52,69.66,5.06,0.7,0.7,91.9,39.6,80.5,25.86,3593,505,18.7,19.3,1
R4A,Region IV-A (CALABARZON),2019,5,2019-05,test,3213,8,20.29,29.43,217.1,83.1,1,15838988,955.52,69.66,5.06,0.6,0.7,91.9,32.1,81,25.19,2566,928,15.6,18.7,1
R4A,Region IV-A (CALABARZON),2019,6,2019-06,test,7936,34,50.1,27.78,121.3,80.6,0,15838988,955.52,69.66,5.06,0.5,0.7,217.1,-147,83.1,26.87,3213,1253,19.5,15.6,1
R4A,Region IV-A (CALABARZON),2019,7,2019-07,test,10285,41,64.93,27.56,900,96.2,0,15838988,955.52,69.66,5.06,0.3,0.7,121.3,509.1,80.6,28.13,7936,3174,13.9,19.5,1
R4A,Region IV-A (CALABARZON),2019,8,2019-08,test,33027,128,208.52,27.79,451.8,87.2,0,15838988,955.52,69.66,5.06,0.2,0.6,900,123.6,96.2,29.43,10285,3091,42,13.9,1
R4A,Region IV-A (CALABARZON),2019,9,2019-09,test,31309,99,197.67,27.46,394.8,88.6,0,15838988,955.52,69.66,5.06,0.2,0.5,451.8,85.5,87.2,27.78,33027,6111,41.1,42,1
R4A,Region IV-A (CALABARZON),2019,10,2019-10,test,18103,54,114.29,26.78,727.1,92.6,0,15838988,955.52,69.66,5.06,0.3,0.3,394.8,407.8,88.6,27.56,31309,3648,29.7,41.1,1
R4A,Region IV-A (CALABARZON),2019,11,2019-11,test,18285,88,115.44,26.29,140.6,81.6,0,15838988,955.52,69.66,5.06,0.5,0.2,727.1,-79.8,92.6,27.79,18103,1465,42,29.7,1
R4A,Region IV-A (CALABARZON),2019,12,2019-12,test,8570,23,54.11,26.19,293,84.9,1,15838988,955.52,69.66,5.06,0.5,0.2,140.6,-57.8,81.6,27.46,18285,1461,21.8,42,1
R4A,Region IV-A (CALABARZON),2020,1,2020-01,diagnostic_excluded,3797,17,23.45,25.42,115.9,81.9,0,16195042,977,70.49,5.06,0.5,0.3,293,-11.8,84.9,26.78,8570,3318,24.6,21.8,1
R4A,Region IV-A (CALABARZON),2020,2,2020-02,diagnostic_excluded,2703,8,16.69,25.21,89.3,79.5,0,16195042,977,70.49,5.06,0.5,0.5,115.9,28.2,81.9,26.29,3797,3513,15.1,24.6,1
R4A,Region IV-A (CALABARZON),2020,3,2020-03,diagnostic_excluded,2354,11,14.54,26.42,88.9,79.2,0,16195042,977,70.49,5.06,0.4,0.5,89.3,42.7,79.5,26.19,2703,3593,21.3,15.1,1
R4A,Region IV-A (CALABARZON),2020,4,2020-04,diagnostic_excluded,1988,12,12.28,27.14,88.6,77.9,0,16195042,977,70.49,5.06,0.2,0.5,88.9,36.2,79.2,25.42,2354,2566,17.6,21.3,1
R4A,Region IV-A (CALABARZON),2020,5,2020-05,diagnostic_excluded,2734,6,16.88,28,178,81.5,1,16195042,977,70.49,5.06,0,0.5,88.6,-7,77.9,25.21,1988,3213,14.8,17.6,1
R4A,Region IV-A (CALABARZON),2020,6,2020-06,diagnostic_excluded,4636,18,28.63,28.21,191.7,82.3,0,16195042,977,70.49,5.06,-0.3,0.4,178,-76.5,81.5,26.42,2734,7936,21.8,14.8,1
R4A,Region IV-A (CALABARZON),2020,7,2020-07,diagnostic_excluded,12338,36,76.18,26.78,900,96.4,0,16195042,977,70.49,5.06,-0.4,0.2,191.7,509.1,82.3,27.14,4636,10285,21.9,21.8,1
R4A,Region IV-A (CALABARZON),2020,8,2020-08,diagnostic_excluded,28922,104,178.59,27.08,256.4,84.4,0,16195042,977,70.49,5.06,-0.6,0,900,-71.7,96.4,28,12338,33027,42,21.9,1
R4A,Region IV-A (CALABARZON),2020,9,2020-09,diagnostic_excluded,13883,39,85.72,26.75,341.4,85.3,0,16195042,977,70.49,5.06,-0.9,-0.3,256.4,32.1,84.4,28.21,28922,31309,22.4,42,1
R4A,Region IV-A (CALABARZON),2020,10,2020-10,diagnostic_excluded,6405,41,39.55,26.78,635.9,91.2,0,16195042,977,70.49,5.06,-1.2,-0.4,341.4,316.6,85.3,26.78,13883,18103,26.9,22.4,1
R4A,Region IV-A (CALABARZON),2020,11,2020-11,diagnostic_excluded,8308,33,51.3,26.22,127.7,81.7,0,16195042,977,70.49,5.06,-1.3,-0.6,635.9,-92.8,91.2,27.08,6405,18285,34.1,26.9,1
R4A,Region IV-A (CALABARZON),2020,12,2020-12,diagnostic_excluded,3010,6,18.59,25.21,273.9,83,0,16195042,977,70.49,5.06,-1.2,-0.9,127.7,-76.9,81.7,26.75,8308,8570,21.7,34.1,1
R4B,MIMAROPA Region,2016,1,2016-01,train,64,1,2.12,26.51,222.6,85.3,0,3016400,101.88,31.5,15.51,2,2.1,405.7,97.9,87.6,26.61,239,62,29.6,19,1
R4B,MIMAROPA Region,2016,2,2016-02,train,226,2,7.49,26.04,47.9,79.1,0,3016400,101.88,31.5,15.51,1.9,2.2,222.6,-25.6,85.3,26.88,64,80,22.1,29.6,1
R4B,MIMAROPA Region,2016,3,2016-03,train,151,1,5.01,27.26,99,80.2,0,3016400,101.88,31.5,15.51,1.6,2.3,47.9,48.6,79.1,26.72,226,39,14.6,22.1,1
R4B,MIMAROPA Region,2016,4,2016-04,train,152,1,5.04,28.03,100.9,79.1,0,3016400,101.88,31.5,15.51,1.1,2,99,43.4,80.2,26.51,151,50,18.6,14.6,1
R4B,MIMAROPA Region,2016,5,2016-05,train,187,0,6.2,28.7,120.8,78.3,1,3016400,101.88,31.5,15.51,0.6,1.9,100.9,-59.4,79.1,26.04,152,46,14.4,18.6,1
R4B,MIMAROPA Region,2016,6,2016-06,train,279,2,9.25,27.5,145.8,81.5,0,3016400,101.88,31.5,15.51,0.1,1.6,120.8,-168,78.3,27.26,187,138,15.2,14.4,1
R4B,MIMAROPA Region,2016,7,2016-07,train,520,4,17.24,27.33,119.5,77.4,0,3016400,101.88,31.5,15.51,-0.2,1.1,145.8,-290.6,81.5,28.03,279,162,14.5,15.2,1
R4B,MIMAROPA Region,2016,8,2016-08,train,754,1,25,26.29,341.7,85.2,1,3016400,101.88,31.5,15.51,-0.4,0.6,119.5,-26.6,77.4,28.7,520,438,21.3,14.5,1
R4B,MIMAROPA Region,2016,9,2016-09,train,647,1,21.45,26.41,190.2,83.7,0,3016400,101.88,31.5,15.51,-0.5,0.1,341.7,-160.6,85.2,27.5,754,517,24.5,21.3,1
R4B,MIMAROPA Region,2016,10,2016-10,train,407,3,13.49,25.88,546,88.8,0,3016400,101.88,31.5,15.51,-0.6,-0.2,190.2,173.7,83.7,27.33,647,433,18.4,24.5,1
R4B,MIMAROPA Region,2016,11,2016-11,train,318,2,10.54,26.38,335.3,86.5,0,3016400,101.88,31.5,15.51,-0.6,-0.4,546,108.8,88.8,26.29,407,290,34.4,18.4,1
R4B,MIMAROPA Region,2016,12,2016-12,train,159,1,5.27,26.19,476.5,89.2,0,3016400,101.88,31.5,15.51,-0.6,-0.5,335.3,166.8,86.5,26.41,318,239,34.2,34.4,1
R4B,MIMAROPA Region,2017,1,2017-01,train,296,2,9.64,25.95,33.3,82.4,0,3069439,103.68,32.44,13.01,-0.4,-0.6,476.5,-91.3,89.2,25.88,159,64,33.8,34.2,1
R4B,MIMAROPA Region,2017,2,2017-02,train,156,3,5.08,24.97,73.1,78.2,0,3069439,103.68,32.44,13.01,-0.4,-0.6,33.3,-0.4,82.4,26.38,296,226,19.5,33.8,1
R4B,MIMAROPA Region,2017,3,2017-03,train,172,1,5.6,26.46,22.6,78,0,3069439,103.68,32.44,13.01,-0.2,-0.6,73.1,-27.8,78.2,26.19,156,151,17,19.5,1
R4B,MIMAROPA Region,2017,4,2017-04,train,107,0,3.49,26.61,51.4,77.6,0,3069439,103.68,32.44,13.01,0,-0.4,22.6,-6.1,78,25.95,172,152,18.7,17,1
R4B,MIMAROPA Region,2017,5,2017-05,train,30,0,0.98,27.52,188.2,80.1,0,3069439,103.68,32.44,13.01,0.1,-0.4,51.4,8.1,77.6,24.97,107,187,11.2,18.7,1
R4B,MIMAROPA Region,2017,6,2017-06,train,188,1,6.12,27.43,465.2,88.3,0,3069439,103.68,32.44,13.01,0.1,-0.2,188.2,151.4,80.1,26.46,30,279,20.8,11.2,1
R4B,MIMAROPA Region,2017,7,2017-07,train,220,1,7.17,26.81,315.3,84.5,0,3069439,103.68,32.44,13.01,0,0,465.2,-94.7,88.3,26.61,188,520,36.1,20.8,1
R4B,MIMAROPA Region,2017,8,2017-08,train,867,7,28.25,26.26,275,83.5,0,3069439,103.68,32.44,13.01,-0.2,0.1,315.3,-93.3,84.5,27.52,220,754,32.3,36.1,1
R4B,MIMAROPA Region,2017,9,2017-09,train,947,2,30.85,26.03,396.5,87.1,0,3069439,103.68,32.44,13.01,-0.5,0.1,275,45.6,83.5,27.43,867,647,27.5,32.3,1
R4B,MIMAROPA Region,2017,10,2017-10,train,541,4,17.63,26.63,339.2,85.9,0,3069439,103.68,32.44,13.01,-0.7,0,396.5,-33.1,87.1,26.81,947,407,33.8,27.5,1
R4B,MIMAROPA Region,2017,11,2017-11,train,387,1,12.61,27.04,205.4,84,0,3069439,103.68,32.44,13.01,-0.8,-0.2,339.2,-21.1,85.9,26.26,541,318,27.4,33.8,1
R4B,MIMAROPA Region,2017,12,2017-12,train,346,3,11.27,25.74,853.9,95.3,1,3069439,103.68,32.44,13.01,-0.9,-0.5,205.4,544.3,84,26.03,387,159,20.4,27.4,1
R4B,MIMAROPA Region,2018,1,2018-01,train,366,2,11.72,25.91,42.6,81.2,0,3122479,105.47,33.37,10.5,-0.9,-0.7,853.9,-82,95.3,26.63,346,296,42,20.4,1
R4B,MIMAROPA Region,2018,2,2018-02,train,193,1,6.18,25.94,39.2,78.2,0,3122479,105.47,33.37,10.5,-0.8,-0.8,42.6,-34.4,81.2,27.04,366,156,15.8,42,1
R4B,MIMAROPA Region,2018,3,2018-03,train,87,0,2.79,26.72,25,78,0,3122479,105.47,33.37,10.5,-0.6,-0.9,39.2,-25.4,78.2,25.74,193,172,14.3,15.8,1
R4B,MIMAROPA Region,2018,4,2018-04,train,71,0,2.27,27.42,44.7,78.1,0,3122479,105.47,33.37,10.5,-0.4,-0.9,25,-12.8,78,25.91,87,107,18.4,14.3,1
R4B,MIMAROPA Region,2018,5,2018-05,train,149,0,4.77,28.36,76.3,79.6,0,3122479,105.47,33.37,10.5,-0.2,-0.8,44.7,-103.8,78.1,25.94,71,30,16.5,18.4,1
R4B,MIMAROPA Region,2018,6,2018-06,train,344,1,11.02,27.02,252.5,81.3,1,3122479,105.47,33.37,10.5,0,-0.6,76.3,-61.3,79.6,26.72,149,188,13.1,16.5,1
R4B,MIMAROPA Region,2018,7,2018-07,train,298,2,9.54,26.07,342.7,84.7,0,3122479,105.47,33.37,10.5,0.2,-0.4,252.5,-67.3,81.3,27.42,344,220,30.1,13.1,1
R4B,MIMAROPA Region,2018,8,2018-08,train,670,0,21.46,26.75,306,84.4,0,3122479,105.47,33.37,10.5,0.3,-0.2,342.7,-62.3,84.7,28.36,298,867,25,30.1,1
R4B,MIMAROPA Region,2018,9,2018-09,train,709,6,22.71,26.68,217.1,82.7,0,3122479,105.47,33.37,10.5,0.5,0,306,-133.8,84.4,27.02,670,947,28.3,25,1
R4B,MIMAROPA Region,2018,10,2018-10,train,542,5,17.36,27.36,900,97.3,0,3122479,105.47,33.37,10.5,0.7,0.2,217.1,527.7,82.7,26.07,709,541,25.2,28.3,1
R4B,MIMAROPA Region,2018,11,2018-11,train,389,1,12.46,26.64,175.1,81.3,0,3122479,105.47,33.37,10.5,0.8,0.3,900,-51.5,97.3,26.75,542,387,42,25.2,1
R4B,MIMAROPA Region,2018,12,2018-12,train,334,1,10.7,26.78,245.6,83.5,0,3122479,105.47,33.37,10.5,0.8,0.5,175.1,-64,81.3,26.68,389,346,20.3,42,1
R4B,MIMAROPA Region,2019,1,2019-01,test,144,3,4.53,25.34,96.7,80.4,0,3175518,107.26,34.31,10.5,0.7,0.7,245.6,-28,83.5,27.36,334,366,19.4,20.3,1
R4B,MIMAROPA Region,2019,2,2019-02,test,281,1,8.85,25.68,117.4,82.9,0,3175518,107.26,34.31,10.5,0.7,0.8,96.7,43.8,80.4,26.64,144,193,17.4,19.4,1
R4B,MIMAROPA Region,2019,3,2019-03,test,353,1,11.12,27.02,53,79.2,0,3175518,107.26,34.31,10.5,0.7,0.8,117.4,2.6,82.9,26.78,281,87,16.6,17.4,1
R4B,MIMAROPA Region,2019,4,2019-04,test,240,4,7.56,27.41,78.8,76.1,0,3175518,107.26,34.31,10.5,0.7,0.7,53,21.3,79.2,25.34,353,71,19,16.6,1
R4B,MIMAROPA Region,2019,5,2019-05,test,241,2,7.59,28.02,167,79.4,0,3175518,107.26,34.31,10.5,0.6,0.7,78.8,-13.1,76.1,25.68,240,149,17.6,19,1
R4B,MIMAROPA Region,2019,6,2019-06,test,379,1,11.94,27.06,375.3,84.7,0,3175518,107.26,34.31,10.5,0.5,0.7,167,61.5,79.4,27.02,241,344,31.1,17.6,1
R4B,MIMAROPA Region,2019,7,2019-07,test,748,0,23.56,26.05,328.9,82.9,0,3175518,107.26,34.31,10.5,0.3,0.7,375.3,-81.1,84.7,27.41,379,298,31.9,31.1,1
R4B,MIMAROPA Region,2019,8,2019-08,test,2067,11,65.09,26.73,232.6,82.5,0,3175518,107.26,34.31,10.5,0.2,0.6,328.9,-135.7,82.9,28.02,748,670,30,31.9,1
R4B,MIMAROPA Region,2019,9,2019-09,test,1347,8,42.42,27.44,223.3,82.2,0,3175518,107.26,34.31,10.5,0.2,0.5,232.6,-127.5,82.5,27.06,2067,709,23.1,30,1
R4B,MIMAROPA Region,2019,10,2019-10,test,875,0,27.55,27.11,379.4,85.2,0,3175518,107.26,34.31,10.5,0.3,0.3,223.3,7.1,82.2,26.05,1347,542,23.2,23.1,1
R4B,MIMAROPA Region,2019,11,2019-11,test,865,2,27.24,27.62,196.5,84.3,0,3175518,107.26,34.31,10.5,0.5,0.2,379.4,-30,85.2,26.73,875,389,34.5,23.2,1
R4B,MIMAROPA Region,2019,12,2019-12,test,623,3,19.62,26.32,500.6,88.6,0,3175518,107.26,34.31,10.5,0.5,0.2,196.5,191,84.3,27.44,865,334,22.7,34.5,1
R4B,MIMAROPA Region,2020,1,2020-01,diagnostic_excluded,320,2,9.91,25.38,97,83.7,0,3228558,109.05,35.25,10.5,0.5,0.3,500.6,-27.7,88.6,27.11,623,144,31.2,22.7,1
R4B,MIMAROPA Region,2020,2,2020-02,diagnostic_excluded,213,0,6.6,25.72,93.8,79.9,0,3228558,109.05,35.25,10.5,0.5,0.5,97,20.2,83.7,27.62,320,281,16.9,31.2,1
R4B,MIMAROPA Region,2020,3,2020-03,diagnostic_excluded,138,1,4.27,26.38,77.9,78.6,0,3228558,109.05,35.25,10.5,0.4,0.5,93.8,27.5,79.9,26.32,213,353,10.5,16.9,1
R4B,MIMAROPA Region,2020,4,2020-04,diagnostic_excluded,115,0,3.56,27.52,108.7,77.5,0,3228558,109.05,35.25,10.5,0.2,0.5,77.9,51.2,78.6,25.38,138,240,20.1,10.5,1
R4B,MIMAROPA Region,2020,5,2020-05,diagnostic_excluded,221,1,6.85,28.05,137.2,79.2,0,3228558,109.05,35.25,10.5,0,0.5,108.7,-42.9,77.5,25.72,115,241,18.4,20.1,1
R4B,MIMAROPA Region,2020,6,2020-06,diagnostic_excluded,375,1,11.62,26.68,270.6,82.7,0,3228558,109.05,35.25,10.5,-0.3,0.4,137.2,-43.2,79.2,26.38,221,379,22.3,18.4,1
R4B,MIMAROPA Region,2020,7,2020-07,diagnostic_excluded,908,5,28.12,26.98,275.9,84.6,0,3228558,109.05,35.25,10.5,-0.4,0.2,270.6,-134.1,82.7,27.52,375,748,23.4,22.3,1
R4B,MIMAROPA Region,2020,8,2020-08,diagnostic_excluded,1313,4,40.67,26.03,269.7,84.5,1,3228558,109.05,35.25,10.5,-0.6,0,275.9,-98.6,84.6,28.05,908,2067,26.3,23.4,1
R4B,MIMAROPA Region,2020,9,2020-09,diagnostic_excluded,602,4,18.65,26.12,377.1,86.1,0,3228558,109.05,35.25,10.5,-0.9,-0.3,269.7,26.2,84.5,26.68,1313,1347,22.1,26.3,1
R4B,MIMAROPA Region,2020,10,2020-10,diagnostic_excluded,767,2,23.76,26.58,467.1,87.9,0,3228558,109.05,35.25,10.5,-1.2,-0.4,377.1,94.8,86.1,26.98,602,875,25.9,22.1,1
R4B,MIMAROPA Region,2020,11,2020-11,diagnostic_excluded,654,2,20.26,26.72,156.7,82.6,0,3228558,109.05,35.25,10.5,-1.3,-0.6,467.1,-69.8,87.9,26.03,767,865,30.5,25.9,1
R4B,MIMAROPA Region,2020,12,2020-12,diagnostic_excluded,317,2,9.82,26.27,510.7,87.8,0,3228558,109.05,35.25,10.5,-1.2,-0.9,156.7,201.1,82.6,26.12,654,623,19.9,30.5,1
R5,Region V (Bicol Region),2016,1,2016-01,train,466,2,7.96,26.18,245.6,84.2,0,5854024,323.17,23.32,27.34,2,2.1,354.9,58.1,86.6,27.09,1243,615,28.9,25.7,1
R5,Region V (Bicol Region),2016,2,2016-02,train,934,5,15.95,26.13,145.2,83.3,0,5854024,323.17,23.32,27.34,1.9,2.2,245.6,43.5,84.2,27.16,466,368,25.8,28.9,1
R5,Region V (Bicol Region),2016,3,2016-03,train,858,5,14.66,27.2,100.4,83.3,0,5854024,323.17,23.32,27.34,1.6,2.3,145.2,38.2,83.3,26.98,934,422,25.1,25.8,1
R5,Region V (Bicol Region),2016,4,2016-04,train,568,1,9.7,27.93,116.1,80.3,0,5854024,323.17,23.32,27.34,1.1,2,100.4,63.6,83.3,26.18,858,325,20.8,25.1,1
R5,Region V (Bicol Region),2016,5,2016-05,train,549,1,9.38,28.97,256.8,83.8,0,5854024,323.17,23.32,27.34,0.6,1.9,116.1,99.5,80.3,26.13,568,346,19.7,20.8,1
R5,Region V (Bicol Region),2016,6,2016-06,train,1310,7,22.38,29.3,224.9,83.6,0,5854024,323.17,23.32,27.34,0.1,1.6,256.8,-34,83.8,27.2,549,622,24.3,19.7,1
R5,Region V (Bicol Region),2016,7,2016-07,train,1652,9,28.22,27.55,455.1,86.1,0,5854024,323.17,23.32,27.34,-0.2,1.1,224.9,88.1,83.6,27.93,1310,2181,25.3,24.3,1
R5,Region V (Bicol Region),2016,8,2016-08,train,3479,8,59.43,27.36,802.1,94.3,0,5854024,323.17,23.32,27.34,-0.4,0.6,455.1,498.5,86.1,28.97,1652,4028,27.4,25.3,1
R5,Region V (Bicol Region),2016,9,2016-09,train,4481,18,76.55,27.54,281.5,84.7,0,5854024,323.17,23.32,27.34,-0.5,0.1,802.1,-25.4,94.3,29.3,3479,4342,41.4,27.4,1
R5,Region V (Bicol Region),2016,10,2016-10,train,1743,6,29.77,26.98,395.3,85.9,0,5854024,323.17,23.32,27.34,-0.6,-0.2,281.5,68.7,84.7,27.55,4481,3941,22.9,41.4,1
R5,Region V (Bicol Region),2016,11,2016-11,train,1738,13,29.69,26.8,335.4,87.4,1,5854024,323.17,23.32,27.34,-0.6,-0.4,395.3,105,85.9,27.36,1743,1481,28.6,22.9,1
R5,Region V (Bicol Region),2016,12,2016-12,train,624,3,10.66,26.7,356.8,88.7,0,5854024,323.17,23.32,27.34,-0.6,-0.5,335.4,4,87.4,27.54,1738,1243,31.9,28.6,1
R5,Region V (Bicol Region),2017,1,2017-01,train,261,1,4.42,25.88,174.7,82.4,0,5911059,326.32,23.44,23.68,-0.4,-0.6,356.8,-12.8,88.7,26.98,624,466,28,31.9,1
R5,Region V (Bicol Region),2017,2,2017-02,train,274,2,4.64,25.57,48.2,79.4,0,5911059,326.32,23.44,23.68,-0.4,-0.6,174.7,-53.5,82.4,26.8,261,934,24.3,28,1
R5,Region V (Bicol Region),2017,3,2017-03,train,296,0,5.01,26.63,35,78.1,0,5911059,326.32,23.44,23.68,-0.2,-0.6,48.2,-27.2,79.4,26.7,274,858,12.9,24.3,1
R5,Region V (Bicol Region),2017,4,2017-04,train,257,2,4.35,27.5,57.7,84,0,5911059,326.32,23.44,23.68,0,-0.4,35,5.2,78.1,25.88,296,568,13.9,12.9,1
R5,Region V (Bicol Region),2017,5,2017-05,train,313,2,5.3,28.44,131.4,81.4,0,5911059,326.32,23.44,23.68,0.1,-0.4,57.7,-26,84,25.57,257,549,15.4,13.9,1
R5,Region V (Bicol Region),2017,6,2017-06,train,600,2,10.15,27.9,237.4,82.7,0,5911059,326.32,23.44,23.68,0.1,-0.2,131.4,-21.5,81.4,26.63,313,1310,16.1,15.4,1
R5,Region V (Bicol Region),2017,7,2017-07,train,963,5,16.29,27.83,166.5,82.5,0,5911059,326.32,23.44,23.68,0,0,237.4,-200.5,82.7,27.5,600,1652,20.8,16.1,1
R5,Region V (Bicol Region),2017,8,2017-08,train,983,7,16.63,27.26,170.2,82.1,0,5911059,326.32,23.44,23.68,-0.2,0.1,166.5,-133.5,82.5,28.44,963,3479,22,20.8,1
R5,Region V (Bicol Region),2017,9,2017-09,train,1882,7,31.84,27.82,176.1,82.8,0,5911059,326.32,23.44,23.68,-0.5,0.1,170.2,-130.8,82.1,27.9,983,4481,21.7,22,1
R5,Region V (Bicol Region),2017,10,2017-10,train,841,7,14.23,27.53,299.6,86.1,0,5911059,326.32,23.44,23.68,-0.7,0,176.1,-27.1,82.8,27.83,1882,1743,18.6,21.7,1
R5,Region V (Bicol Region),2017,11,2017-11,train,700,3,11.84,27.14,301.6,86.3,0,5911059,326.32,23.44,23.68,-0.8,-0.2,299.6,71.1,86.1,27.26,841,1738,27.4,18.6,1
R5,Region V (Bicol Region),2017,12,2017-12,train,528,0,8.93,26.31,229.4,85.1,0,5911059,326.32,23.44,23.68,-0.9,-0.5,301.6,-123.4,86.3,27.82,700,624,27.8,27.4,1
R5,Region V (Bicol Region),2018,1,2018-01,train,315,0,5.28,25.9,89.7,82.8,0,5968095,329.47,23.56,20.02,-0.9,-0.7,229.4,-97.8,85.1,27.53,528,261,19,27.8,1
R5,Region V (Bicol Region),2018,2,2018-02,train,237,0,3.97,25.33,35.7,80.5,0,5968095,329.47,23.56,20.02,-0.8,-0.8,89.7,-66,82.8,27.14,315,274,16.4,19,1
R5,Region V (Bicol Region),2018,3,2018-03,train,217,1,3.64,26.26,57.4,81.5,0,5968095,329.47,23.56,20.02,-0.6,-0.9,35.7,-4.8,80.5,26.31,237,296,13.3,16.4,1
R5,Region V (Bicol Region),2018,4,2018-04,train,187,1,3.13,27.57,29.3,78.6,0,5968095,329.47,23.56,20.02,-0.4,-0.9,57.4,-23.1,81.5,25.9,217,257,15.1,13.3,1
R5,Region V (Bicol Region),2018,5,2018-05,train,183,0,3.07,28.29,406.2,86.7,1,5968095,329.47,23.56,20.02,-0.2,-0.8,29.3,248.9,78.6,25.33,187,313,16.1,15.1,1
R5,Region V (Bicol Region),2018,6,2018-06,train,466,2,7.81,27.45,268.8,82,1,5968095,329.47,23.56,20.02,0,-0.6,406.2,10,86.7,26.26,183,600,30.6,16.1,1
R5,Region V (Bicol Region),2018,7,2018-07,train,1282,6,21.48,27.25,492,86.3,0,5968095,329.47,23.56,20.02,0.2,-0.4,268.8,125,82,27.57,466,963,24.1,30.6,1
R5,Region V (Bicol Region),2018,8,2018-08,train,1197,4,20.06,27.16,239,83,0,5968095,329.47,23.56,20.02,0.3,-0.2,492,-64.7,86.3,28.29,1282,983,28.7,24.1,1
R5,Region V (Bicol Region),2018,9,2018-09,train,1780,13,29.83,28.16,149.9,78.5,0,5968095,329.47,23.56,20.02,0.5,0,239,-157,83,27.45,1197,1882,22.8,28.7,1
R5,Region V (Bicol Region),2018,10,2018-10,train,1257,5,21.06,27.86,431.6,86.4,0,5968095,329.47,23.56,20.02,0.7,0.2,149.9,105,78.5,27.25,1780,841,27.3,22.8,1
R5,Region V (Bicol Region),2018,11,2018-11,train,698,4,11.7,26.94,155.2,83.8,0,5968095,329.47,23.56,20.02,0.8,0.3,431.6,-75.2,86.4,27.16,1257,700,27.5,27.3,1
R5,Region V (Bicol Region),2018,12,2018-12,train,392,0,6.57,26.83,439.9,89.4,0,5968095,329.47,23.56,20.02,0.8,0.5,155.2,87.1,83.8,28.16,698,528,18,27.5,1
R5,Region V (Bicol Region),2019,1,2019-01,test,694,7,11.52,25.82,327.7,85.4,0,6025130,332.61,23.68,20.02,0.7,0.7,439.9,140.2,89.4,27.86,392,315,33,18,1
R5,Region V (Bicol Region),2019,2,2019-02,test,315,0,5.23,25.62,186.2,82.5,0,6025130,332.61,23.68,20.02,0.7,0.8,327.7,84.5,85.4,26.94,694,237,22.4,33,1
R5,Region V (Bicol Region),2019,3,2019-03,test,608,2,10.09,26.87,67.6,82.4,0,6025130,332.61,23.68,20.02,0.7,0.8,186.2,5.4,82.5,26.83,315,217,19.6,22.4,1
R5,Region V (Bicol Region),2019,4,2019-04,test,479,1,7.95,28.09,48.3,78.7,0,6025130,332.61,23.68,20.02,0.7,0.7,67.6,-4.2,82.4,25.82,608,187,17.3,19.6,1
R5,Region V (Bicol Region),2019,5,2019-05,test,621,6,10.31,28.8,326.2,83.6,0,6025130,332.61,23.68,20.02,0.6,0.7,48.3,168.9,78.7,25.62,479,183,18.4,17.3,1
R5,Region V (Bicol Region),2019,6,2019-06,test,903,11,14.99,28.48,171.9,79.9,0,6025130,332.61,23.68,20.02,0.5,0.7,326.2,-87,83.6,26.87,621,466,26.5,18.4,1
R5,Region V (Bicol Region),2019,7,2019-07,test,1181,5,19.6,27.73,234.9,82.5,0,6025130,332.61,23.68,20.02,0.3,0.7,171.9,-132.1,79.9,28.09,903,1282,18.6,26.5,1
R5,Region V (Bicol Region),2019,8,2019-08,test,3046,16,50.55,28.56,574.9,88.5,0,6025130,332.61,23.68,20.02,0.2,0.6,234.9,271.2,82.5,28.8,1181,1197,23.7,18.6,1
R5,Region V (Bicol Region),2019,9,2019-09,test,3659,19,60.73,27.64,230,80.9,0,6025130,332.61,23.68,20.02,0.2,0.5,574.9,-76.9,88.5,28.48,3046,1780,33,23.7,1
R5,Region V (Bicol Region),2019,10,2019-10,test,1749,7,29.03,27.25,368.8,85.6,0,6025130,332.61,23.68,20.02,0.3,0.3,230,42.1,80.9,27.73,3659,1257,20.4,33,1
R5,Region V (Bicol Region),2019,11,2019-11,test,967,7,16.05,27.59,160.9,83.8,0,6025130,332.61,23.68,20.02,0.5,0.2,368.8,-69.5,85.6,28.56,1749,698,31.2,20.4,1
R5,Region V (Bicol Region),2019,12,2019-12,test,608,3,10.09,26.38,321.6,85.3,0,6025130,332.61,23.68,20.02,0.5,0.2,160.9,-31.2,83.8,27.64,967,392,22.7,31.2,1
R5,Region V (Bicol Region),2020,1,2020-01,diagnostic_excluded,915,7,15.04,26.22,65.4,81.8,0,6082165,335.76,23.8,20.02,0.5,0.3,321.6,-122.1,85.3,27.25,608,694,26.1,22.7,1
R5,Region V (Bicol Region),2020,2,2020-02,diagnostic_excluded,673,1,11.07,26.47,143.4,82.3,0,6082165,335.76,23.8,20.02,0.5,0.5,65.4,41.7,81.8,27.59,915,315,15.1,26.1,1
R5,Region V (Bicol Region),2020,3,2020-03,diagnostic_excluded,415,0,6.82,26.69,108.4,82.5,0,6082165,335.76,23.8,20.02,0.4,0.5,143.4,46.2,82.3,26.38,673,608,19.7,15.1,1
R5,Region V (Bicol Region),2020,4,2020-04,diagnostic_excluded,413,1,6.79,28.1,102.3,82.1,0,6082165,335.76,23.8,20.02,0.2,0.5,108.4,49.8,82.5,26.22,415,479,19.9,19.7,1
R5,Region V (Bicol Region),2020,5,2020-05,diagnostic_excluded,652,4,10.72,28.81,154.2,81.9,0,6082165,335.76,23.8,20.02,0,0.5,102.3,-3.1,82.1,26.47,413,621,20.3,19.9,1
R5,Region V (Bicol Region),2020,6,2020-06,diagnostic_excluded,710,3,11.67,28.05,144,79.8,0,6082165,335.76,23.8,20.02,-0.3,0.4,154.2,-114.9,81.9,26.69,652,903,21.5,20.3,1
R5,Region V (Bicol Region),2020,7,2020-07,diagnostic_excluded,2180,7,35.84,27.59,572.7,89.3,0,6082165,335.76,23.8,20.02,-0.4,0.2,144,205.7,79.8,28.1,710,1181,21.1,21.5,1
R5,Region V (Bicol Region),2020,8,2020-08,diagnostic_excluded,2027,10,33.33,27.55,394.9,85.8,0,6082165,335.76,23.8,20.02,-0.6,0,572.7,91.2,89.3,28.81,2180,3046,35.9,21.1,1
R5,Region V (Bicol Region),2020,9,2020-09,diagnostic_excluded,3063,14,50.36,27.06,459.2,85.1,0,6082165,335.76,23.8,20.02,-0.9,-0.3,394.9,152.3,85.8,28.05,2027,3659,29.9,35.9,1
R5,Region V (Bicol Region),2020,10,2020-10,diagnostic_excluded,2215,10,36.42,27.45,243.2,83.2,0,6082165,335.76,23.8,20.02,-1.2,-0.4,459.2,-83.4,85.1,27.59,3063,1749,33.3,29.9,1
R5,Region V (Bicol Region),2020,11,2020-11,diagnostic_excluded,763,5,12.54,26.65,262.1,86.9,0,6082165,335.76,23.8,20.02,-1.3,-0.6,243.2,31.6,83.2,27.55,2215,967,23.8,33.3,1
R5,Region V (Bicol Region),2020,12,2020-12,diagnostic_excluded,556,2,9.14,26.85,273.2,84.7,0,6082165,335.76,23.8,20.02,-1.2,-0.9,262.1,-79.6,86.9,27.06,763,608,18.3,23.8,1
R6,Region VI (Western Visayas),2016,1,2016-01,train,1303,8,17.1,26.34,231.5,84.2,0,7620051,366.73,38.88,16.29,2,2.1,900,31.2,98.4,27.84,744,393,42,32.4,1
R6,Region VI (Western Visayas),2016,2,2016-02,train,697,2,9.15,26.27,273.3,84.7,0,7620051,366.73,38.88,16.29,1.9,2.2,231.5,147.6,84.2,27.19,1303,549,20.5,42,1
R6,Region VI (Western Visayas),2016,3,2016-03,train,415,5,5.45,27.85,202,82.5,0,7620051,366.73,38.88,16.29,1.6,2.3,273.3,111.7,84.7,27.11,697,374,21.2,20.5,1
R6,Region VI (Western Visayas),2016,4,2016-04,train,240,0,3.15,29.13,100,77.1,2,7620051,366.73,38.88,16.29,1.1,2,202,18.3,82.5,26.34,415,376,24.7,21.2,1
R6,Region VI (Western Visayas),2016,5,2016-05,train,550,2,7.22,28.93,216.5,81.2,1,7620051,366.73,38.88,16.29,0.6,1.9,100,-10.7,77.1,26.27,240,528,20.7,24.7,1
R6,Region VI (Western Visayas),2016,6,2016-06,train,1157,0,15.18,27.07,459.2,86.7,1,7620051,366.73,38.88,16.29,0.1,1.6,216.5,144.7,81.2,27.85,550,1020,25.7,20.7,1
R6,Region VI (Western Visayas),2016,7,2016-07,train,1869,6,24.53,26.78,616.2,90.1,0,7620051,366.73,38.88,16.29,-0.2,1.1,459.2,252.1,86.7,29.13,1157,3463,36.1,25.7,1
R6,Region VI (Western Visayas),2016,8,2016-08,train,1850,6,24.28,27.31,436.3,87.4,0,7620051,366.73,38.88,16.29,-0.4,0.6,616.2,112.4,90.1,28.93,1869,3608,38.8,36.1,1
R6,Region VI (Western Visayas),2016,9,2016-09,train,1992,9,26.14,26.99,521.1,88.4,0,7620051,366.73,38.88,16.29,-0.5,0.1,436.3,175.3,87.4,27.07,1850,3530,34.5,38.8,1
R6,Region VI (Western Visayas),2016,10,2016-10,train,1958,6,25.7,27.13,172.6,84.2,0,7620051,366.73,38.88,16.29,-0.6,-0.2,521.1,-186.8,88.4,26.78,1992,1548,29.5,34.5,1
R6,Region VI (Western Visayas),2016,11,2016-11,train,1566,8,20.55,26.72,186.8,85.8,0,7620051,366.73,38.88,16.29,-0.6,-0.4,172.6,-60.3,84.2,27.31,1958,2608,19.7,29.5,1
R6,Region VI (Western Visayas),2016,12,2016-12,train,906,5,11.89,26.13,305.8,88,1,7620051,366.73,38.88,16.29,-0.6,-0.5,186.8,10.1,85.8,26.99,1566,744,22.8,19.7,1
R6,Region VI (Western Visayas),2017,1,2017-01,train,848,1,11.01,26.04,207.2,82.5,0,7703719,370.76,39.7,14.1,-0.4,-0.6,305.8,7,88,27.13,906,1303,27.9,22.8,1
R6,Region VI (Western Visayas),2017,2,2017-02,train,778,3,10.1,26.23,110,81,0,7703719,370.76,39.7,14.1,-0.4,-0.6,207.2,-15.7,82.5,26.72,848,697,27.3,27.9,1
R6,Region VI (Western Visayas),2017,3,2017-03,train,486,2,6.31,26.78,41.6,78.3,0,7703719,370.76,39.7,14.1,-0.2,-0.6,110,-48.7,81,26.13,778,415,16.9,27.3,1
R6,Region VI (Western Visayas),2017,4,2017-04,train,447,4,5.8,27.93,28.9,75.1,1,7703719,370.76,39.7,14.1,0,-0.4,41.6,-52.8,78.3,26.04,486,240,13.1,16.9,1
R6,Region VI (Western Visayas),2017,5,2017-05,train,435,1,5.65,28.09,194.3,81.7,0,7703719,370.76,39.7,14.1,0.1,-0.4,28.9,-33,75.1,26.23,447,550,9,13.1,1
R6,Region VI (Western Visayas),2017,6,2017-06,train,221,1,2.87,27.94,305.9,85.2,0,7703719,370.76,39.7,14.1,0.1,-0.2,194.3,-8.6,81.7,26.78,435,1157,24.3,9,1
R6,Region VI (Western Visayas),2017,7,2017-07,train,1486,2,19.29,27.3,900,97.3,0,7703719,370.76,39.7,14.1,0,0,305.9,535.9,85.2,27.93,221,1869,26.6,24.3,1
R6,Region VI (Western Visayas),2017,8,2017-08,train,3631,13,47.13,26.63,154.6,81.7,0,7703719,370.76,39.7,14.1,-0.2,0.1,900,-169.3,97.3,28.09,1486,1850,42,26.6,1
R6,Region VI (Western Visayas),2017,9,2017-09,train,2238,6,29.05,26.59,395.4,84.8,0,7703719,370.76,39.7,14.1,-0.5,0.1,154.6,49.6,81.7,27.94,3631,1992,18.1,42,1
R6,Region VI (Western Visayas),2017,10,2017-10,train,561,4,7.28,26.61,239.7,83.4,0,7703719,370.76,39.7,14.1,-0.7,0,395.4,-119.7,84.8,27.3,2238,1958,29.5,18.1,1
R6,Region VI (Western Visayas),2017,11,2017-11,train,961,3,12.47,26.75,485.5,90.6,0,7703719,370.76,39.7,14.1,-0.8,-0.2,239.7,238.4,83.4,26.63,561,1566,20.7,29.5,1
R6,Region VI (Western Visayas),2017,12,2017-12,train,1245,1,16.16,26.18,283.8,85.5,0,7703719,370.76,39.7,14.1,-0.9,-0.5,485.5,-11.8,90.6,26.59,961,906,37.3,20.7,1
R6,Region VI (Western Visayas),2018,1,2018-01,train,725,2,9.31,25.36,116.8,82.2,0,7787387,374.78,40.52,11.92,-0.9,-0.7,283.8,-83.4,85.5,26.61,1245,848,31.2,37.3,1
R6,Region VI (Western Visayas),2018,2,2018-02,train,317,2,4.07,26.05,125.5,80.6,0,7787387,374.78,40.52,11.92,-0.8,-0.8,116.8,-0.2,82.2,26.75,725,778,16.5,31.2,1
R6,Region VI (Western Visayas),2018,3,2018-03,train,277,0,3.56,26.86,54.5,76.2,0,7787387,374.78,40.52,11.92,-0.6,-0.9,125.5,-35.8,80.6,26.18,317,486,20.1,16.5,1
R6,Region VI (Western Visayas),2018,4,2018-04,train,210,2,2.7,27.95,53.2,78.5,0,7787387,374.78,40.52,11.92,-0.4,-0.9,54.5,-28.5,76.2,25.36,277,447,17.6,20.1,1
R6,Region VI (Western Visayas),2018,5,2018-05,train,419,1,5.38,28.15,310.9,82.6,0,7787387,374.78,40.52,11.92,-0.2,-0.8,53.2,83.6,78.5,26.05,210,435,18.9,17.6,1
R6,Region VI (Western Visayas),2018,6,2018-06,train,725,1,9.31,26.84,152.4,81,0,7787387,374.78,40.52,11.92,0,-0.6,310.9,-162.1,82.6,26.86,419,221,24.7,18.9,1
R6,Region VI (Western Visayas),2018,7,2018-07,train,889,3,11.42,27.46,389.3,87.1,0,7787387,374.78,40.52,11.92,0.2,-0.4,152.4,25.2,81,27.95,725,1486,20.3,24.7,1
R6,Region VI (Western Visayas),2018,8,2018-08,train,760,3,9.76,27.2,421.1,86,0,7787387,374.78,40.52,11.92,0.3,-0.2,389.3,97.2,87.1,28.15,889,3631,30.9,20.3,1
R6,Region VI (Western Visayas),2018,9,2018-09,train,1779,8,22.84,26.89,107.9,83.1,0,7787387,374.78,40.52,11.92,0.5,0,421.1,-237.9,86,26.84,760,2238,28.3,30.9,1
R6,Region VI (Western Visayas),2018,10,2018-10,train,876,0,11.25,27.58,322.9,87.3,0,7787387,374.78,40.52,11.92,0.7,0.2,107.9,-36.5,83.1,27.46,1779,561,12.5,28.3,1
R6,Region VI (Western Visayas),2018,11,2018-11,train,538,2,6.91,27.03,202.8,85.8,0,7787387,374.78,40.52,11.92,0.8,0.3,322.9,-44.3,87.3,27.2,876,961,21.5,12.5,1
R6,Region VI (Western Visayas),2018,12,2018-12,train,493,7,6.33,27.36,172.5,83.1,0,7787387,374.78,40.52,11.92,0.8,0.5,202.8,-123.2,85.8,26.89,538,1245,25.2,21.5,1
R6,Region VI (Western Visayas),2019,1,2019-01,test,534,6,6.78,26.12,133.9,82.9,1,7871055,378.81,41.34,11.92,0.7,0.7,172.5,-66.4,83.1,27.58,493,725,21.8,25.2,1
R6,Region VI (Western Visayas),2019,2,2019-02,test,247,3,3.14,26.39,187.6,82.7,0,7871055,378.81,41.34,11.92,0.7,0.8,133.9,62,82.9,27.03,534,317,20.7,21.8,1
R6,Region VI (Western Visayas),2019,3,2019-03,test,447,2,5.68,26.64,140.2,79.5,0,7871055,378.81,41.34,11.92,0.7,0.8,187.6,49.9,82.7,27.36,247,277,20.6,20.7,1
R6,Region VI (Western Visayas),2019,4,2019-04,test,526,5,6.68,28.58,58.7,74.3,1,7871055,378.81,41.34,11.92,0.7,0.7,140.2,-23,79.5,26.12,447,210,19.1,20.6,1
R6,Region VI (Western Visayas),2019,5,2019-05,test,679,2,8.63,28.49,211.4,82.9,0,7871055,378.81,41.34,11.92,0.6,0.7,58.7,-15.9,74.3,26.39,526,419,17.1,19.1,1
R6,Region VI (Western Visayas),2019,6,2019-06,test,1641,11,20.85,27.96,372.1,85.5,0,7871055,378.81,41.34,11.92,0.5,0.7,211.4,57.6,82.9,26.64,679,725,19.3,17.1,1
R6,Region VI (Western Visayas),2019,7,2019-07,test,2292,16,29.12,26.52,277.4,85.4,0,7871055,378.81,41.34,11.92,0.3,0.7,372.1,-86.7,85.5,28.58,1641,889,26.4,19.3,1
R6,Region VI (Western Visayas),2019,8,2019-08,test,3908,12,49.65,26.88,461.5,90,0,7871055,378.81,41.34,11.92,0.2,0.6,277.4,137.6,85.4,28.49,2292,760,29.6,26.4,1
R6,Region VI (Western Visayas),2019,9,2019-09,test,3960,13,50.31,27.18,418.5,86.9,0,7871055,378.81,41.34,11.92,0.2,0.5,461.5,72.6,90,27.96,3908,1779,31.3,29.6,1
R6,Region VI (Western Visayas),2019,10,2019-10,test,4272,22,54.27,26.34,900,96,0,7871055,378.81,41.34,11.92,0.3,0.3,418.5,540.6,86.9,26.52,3960,876,32.2,31.3,1
R6,Region VI (Western Visayas),2019,11,2019-11,test,2173,2,27.61,26.67,231.9,86.1,0,7871055,378.81,41.34,11.92,0.5,0.2,900,-15.2,96,26.88,4272,538,42,32.2,1
R6,Region VI (Western Visayas),2019,12,2019-12,test,2605,10,33.1,27.12,219.2,84.3,0,7871055,378.81,41.34,11.92,0.5,0.2,231.9,-76.5,86.1,27.18,2173,493,18.7,42,1
R6,Region VI (Western Visayas),2020,1,2020-01,diagnostic_excluded,511,4,6.42,26.49,219.2,84.7,0,7954723,382.84,42.15,11.92,0.5,0.3,219.2,18.9,84.3,26.34,2605,534,26.8,18.7,1
R6,Region VI (Western Visayas),2020,2,2020-02,diagnostic_excluded,346,1,4.35,26.29,108.1,79.5,0,7954723,382.84,42.15,11.92,0.5,0.5,219.2,-17.6,84.7,26.67,511,247,25.1,26.8,1
R6,Region VI (Western Visayas),2020,3,2020-03,diagnostic_excluded,285,1,3.58,27.18,73.2,76,1,7954723,382.84,42.15,11.92,0.4,0.5,108.1,-17.1,79.5,27.12,346,447,15.8,25.1,1
R6,Region VI (Western Visayas),2020,4,2020-04,diagnostic_excluded,146,0,1.84,27.82,60.4,73.8,0,7954723,382.84,42.15,11.92,0.2,0.5,73.2,-21.3,76,26.49,285,526,20.4,15.8,1
R6,Region VI (Western Visayas),2020,5,2020-05,diagnostic_excluded,183,0,2.3,29.36,152.9,80.9,2,7954723,382.84,42.15,11.92,0,0.5,60.4,-74.3,73.8,26.29,146,679,18.9,20.4,1
R6,Region VI (Western Visayas),2020,6,2020-06,diagnostic_excluded,435,3,5.47,27.42,271.7,84.5,0,7954723,382.84,42.15,11.92,-0.3,0.4,152.9,-42.8,80.9,27.18,183,1641,21.2,18.9,1
R6,Region VI (Western Visayas),2020,7,2020-07,diagnostic_excluded,1449,2,18.22,26.35,264.4,84.4,0,7954723,382.84,42.15,11.92,-0.4,0.2,271.7,-99.7,84.5,27.82,435,2292,19.7,21.2,1
R6,Region VI (Western Visayas),2020,8,2020-08,diagnostic_excluded,1019,3,12.81,26.78,222.8,84.2,0,7954723,382.84,42.15,11.92,-0.6,0,264.4,-101.1,84.4,29.36,1449,3908,20.4,19.7,1
R6,Region VI (Western Visayas),2020,9,2020-09,diagnostic_excluded,1303,5,16.38,26.31,314.7,85.5,0,7954723,382.84,42.15,11.92,-0.9,-0.3,222.8,-31.1,84.2,27.42,1019,3960,30.1,20.4,1
R6,Region VI (Western Visayas),2020,10,2020-10,diagnostic_excluded,1363,10,17.13,26.95,523.2,87.1,0,7954723,382.84,42.15,11.92,-1.2,-0.4,314.7,163.7,85.5,26.35,1303,4272,26.6,30.1,1
R6,Region VI (Western Visayas),2020,11,2020-11,diagnostic_excluded,551,5,6.93,25.87,349.4,88.1,0,7954723,382.84,42.15,11.92,-1.3,-0.6,523.2,102.4,87.1,26.78,1363,2173,32.4,26.6,1
R6,Region VI (Western Visayas),2020,12,2020-12,diagnostic_excluded,374,2,4.7,26.36,154.6,83.1,0,7954723,382.84,42.15,11.92,-1.2,-0.9,349.4,-141,88.1,26.31,551,2605,25.3,32.4,1
R7,Region VII (Central Visayas),2016,1,2016-01,train,1093,3,14.51,26.69,452.8,87.4,0,7533916,474.65,49.93,21.06,2,2.1,306.8,286.8,84.3,27.29,1378,644,31.8,29.6,1
R7,Region VII (Central Visayas),2016,2,2016-02,train,771,4,10.23,27.14,258.1,83.2,0,7533916,474.65,49.93,21.06,1.9,2.2,452.8,160.1,87.4,27.85,1093,582,30.2,31.8,1
R7,Region VII (Central Visayas),2016,3,2016-03,train,1008,8,13.38,28,171.2,82.2,0,7533916,474.65,49.93,21.06,1.6,2.3,258.1,85.4,83.2,27.17,771,345,20.9,30.2,1
R7,Region VII (Central Visayas),2016,4,2016-04,train,649,6,8.61,28.81,76.4,75,0,7533916,474.65,49.93,21.06,1.1,2,171.2,12.4,82.2,26.69,1008,327,23,20.9,1
R7,Region VII (Central Visayas),2016,5,2016-05,train,732,5,9.72,28.64,283.7,82.1,0,7533916,474.65,49.93,21.06,0.6,1.9,76.4,88.6,75,27.14,649,233,18.8,23,1
R7,Region VII (Central Visayas),2016,6,2016-06,train,1333,8,17.69,28.1,440,84.6,0,7533916,474.65,49.93,21.06,0.1,1.6,283.7,176.9,82.1,28,732,293,27,18.8,1
R7,Region VII (Central Visayas),2016,7,2016-07,train,4143,25,54.99,27.15,194.7,82,0,7533916,474.65,49.93,21.06,-0.2,1.1,440,-92,84.6,28.81,1333,1556,35.8,27,1
R7,Region VII (Central Visayas),2016,8,2016-08,train,3986,20,52.91,28.1,405.3,87.1,0,7533916,474.65,49.93,21.06,-0.4,0.6,194.7,184.7,82,28.64,4143,3647,24.6,35.8,1
R7,Region VII (Central Visayas),2016,9,2016-09,train,4023,18,53.4,27.78,274,84.2,0,7533916,474.65,49.93,21.06,-0.5,0.1,405.3,3.5,87.1,28.1,3986,2366,32.4,24.6,1
R7,Region VII (Central Visayas),2016,10,2016-10,train,3811,13,50.58,27.27,225.5,83.6,0,7533916,474.65,49.93,21.06,-0.6,-0.2,274,-80.3,84.2,27.15,4023,1455,24.4,32.4,1
R7,Region VII (Central Visayas),2016,11,2016-11,train,1404,7,18.64,27.27,286.7,87,0,7533916,474.65,49.93,21.06,-0.6,-0.4,225.5,69.9,83.6,28.1,3811,1666,20.4,24.4,1
R7,Region VII (Central Visayas),2016,12,2016-12,train,1646,8,21.85,26.43,623,92.8,0,7533916,474.65,49.93,21.06,-0.6,-0.5,286.7,377.4,87,27.78,1404,1378,25.7,20.4,1
R7,Region VII (Central Visayas),2017,1,2017-01,train,852,1,11.11,26.68,183.5,83.1,0,7670934,483.28,50.43,17.22,-0.4,-0.6,623,17.5,92.8,27.27,1646,1093,42,25.7,1
R7,Region VII (Central Visayas),2017,2,2017-02,train,743,1,9.69,25.75,60.9,80.7,0,7670934,483.28,50.43,17.22,-0.4,-0.6,183.5,-37.1,83.1,27.27,852,771,20.1,42,1
R7,Region VII (Central Visayas),2017,3,2017-03,train,888,3,11.58,26.96,36.6,77.2,0,7670934,483.28,50.43,17.22,-0.2,-0.6,60.9,-49.2,80.7,26.43,743,1008,23.2,20.1,1
R7,Region VII (Central Visayas),2017,4,2017-04,train,654,3,8.53,27.88,79.3,77.6,0,7670934,483.28,50.43,17.22,0,-0.4,36.6,15.4,77.2,26.68,888,649,17.2,23.2,1
R7,Region VII (Central Visayas),2017,5,2017-05,train,674,0,8.79,28.31,201,79.1,0,7670934,483.28,50.43,17.22,0.1,-0.4,79.3,5.8,77.6,25.75,654,732,16,17.2,1
R7,Region VII (Central Visayas),2017,6,2017-06,train,1205,4,15.71,27.72,175.3,79.3,0,7670934,483.28,50.43,17.22,0.1,-0.2,201,-87.7,79.1,26.96,674,1333,23.5,16,1
R7,Region VII (Central Visayas),2017,7,2017-07,train,2207,8,28.77,27.62,374.7,85.5,0,7670934,483.28,50.43,17.22,0,0,175.3,88,79.3,27.88,1205,4143,25.1,23.5,1
R7,Region VII (Central Visayas),2017,8,2017-08,train,4506,19,58.74,27.6,209.1,81.5,0,7670934,483.28,50.43,17.22,-0.2,0.1,374.7,-11.5,85.5,28.31,2207,3986,27.9,25.1,1
R7,Region VII (Central Visayas),2017,9,2017-09,train,4015,14,52.34,27.7,453.6,88.7,0,7670934,483.28,50.43,17.22,-0.5,0.1,209.1,183.1,81.5,27.72,4506,4023,22.8,27.9,1
R7,Region VII (Central Visayas),2017,10,2017-10,train,1046,5,13.64,26.63,145.9,81.8,0,7670934,483.28,50.43,17.22,-0.7,0,453.6,-159.9,88.7,27.62,4015,3811,30.9,22.8,1
R7,Region VII (Central Visayas),2017,11,2017-11,train,1844,2,24.04,26.88,192.2,84.5,0,7670934,483.28,50.43,17.22,-0.8,-0.2,145.9,-24.6,81.8,27.6,1046,1404,25.8,30.9,1
R7,Region VII (Central Visayas),2017,12,2017-12,train,1286,3,16.76,26.1,218.2,83.9,0,7670934,483.28,50.43,17.22,-0.9,-0.5,192.2,-27.3,84.5,27.7,1844,1646,15,25.8,1
R7,Region VII (Central Visayas),2018,1,2018-01,train,1381,7,17.69,25.83,113.9,83.8,0,7807952,491.91,50.93,13.38,-0.9,-0.7,218.2,-52.1,83.9,26.63,1286,852,22.8,15,1
R7,Region VII (Central Visayas),2018,2,2018-02,train,1292,4,16.55,25.42,65.7,79.7,0,7807952,491.91,50.93,13.38,-0.8,-0.8,113.9,-32.3,83.8,26.88,1381,743,18.6,22.8,1
R7,Region VII (Central Visayas),2018,3,2018-03,train,566,3,7.25,26.9,57.5,77.4,1,7807952,491.91,50.93,13.38,-0.6,-0.9,65.7,-28.3,79.7,26.1,1292,888,22.4,18.6,1
R7,Region VII (Central Visayas),2018,4,2018-04,train,850,3,10.89,28.03,31.2,76.4,0,7807952,491.91,50.93,13.38,-0.4,-0.9,57.5,-32.7,77.4,25.83,566,654,19.6,22.4,1
R7,Region VII (Central Visayas),2018,5,2018-05,train,801,2,10.26,27.57,298.5,81.2,0,7807952,491.91,50.93,13.38,-0.2,-0.8,31.2,103.4,76.4,25.42,850,674,16.6,19.6,1
R7,Region VII (Central Visayas),2018,6,2018-06,train,1305,5,16.71,27.88,236,83.8,0,7807952,491.91,50.93,13.38,0,-0.6,298.5,-27,81.2,26.9,801,1205,28.6,16.6,1
R7,Region VII (Central Visayas),2018,7,2018-07,train,4437,21,56.83,27.79,169.7,82.2,0,7807952,491.91,50.93,13.38,0.2,-0.4,236,-117,83.8,28.03,1305,2207,18.8,28.6,1
R7,Region VII (Central Visayas),2018,8,2018-08,train,5622,20,72,27.83,254.7,85.2,0,7807952,491.91,50.93,13.38,0.3,-0.2,169.7,34.1,82.2,27.57,4437,4506,18.7,18.8,1
R7,Region VII (Central Visayas),2018,9,2018-09,train,4456,19,57.07,27.63,219.5,84.7,0,7807952,491.91,50.93,13.38,0.5,0,254.7,-51,85.2,27.88,5622,4015,22.4,18.7,1
R7,Region VII (Central Visayas),2018,10,2018-10,train,3090,16,39.58,26.81,350.3,85.7,0,7807952,491.91,50.93,13.38,0.7,0.2,219.5,44.4,84.7,27.79,4456,1046,20.1,22.4,1
R7,Region VII (Central Visayas),2018,11,2018-11,train,3174,21,40.65,26.84,113.1,81.6,0,7807952,491.91,50.93,13.38,0.8,0.3,350.3,-103.7,85.7,27.83,3090,1844,32.4,20.1,1
R7,Region VII (Central Visayas),2018,12,2018-12,train,2165,6,27.73,26.99,535.7,89.1,0,7807952,491.91,50.93,13.38,0.8,0.5,113.1,290.2,81.6,27.63,3174,1286,13.5,32.4,1
R7,Region VII (Central Visayas),2019,1,2019-01,test,1328,7,16.71,27.2,219.9,83.7,1,7944970,500.55,51.43,13.38,0.7,0.7,535.7,53.9,89.1,26.81,2165,1381,40.7,13.5,1
R7,Region VII (Central Visayas),2019,2,2019-02,test,1269,4,15.97,26.78,97.2,81,0,7944970,500.55,51.43,13.38,0.7,0.8,219.9,-0.7,83.7,26.84,1328,1292,20.4,40.7,1
R7,Region VII (Central Visayas),2019,3,2019-03,test,1004,5,12.64,27.2,61.4,77.2,0,7944970,500.55,51.43,13.38,0.7,0.8,97.2,-24.4,81,26.99,1269,566,18.2,20.4,1
R7,Region VII (Central Visayas),2019,4,2019-04,test,604,1,7.6,28.52,103,77.1,0,7944970,500.55,51.43,13.38,0.7,0.7,61.4,39.1,77.2,27.2,1004,850,17.4,18.2,1
R7,Region VII (Central Visayas),2019,5,2019-05,test,980,0,12.33,28.03,210.1,80.5,0,7944970,500.55,51.43,13.38,0.6,0.7,103,15,77.1,26.78,604,801,17.1,17.4,1
R7,Region VII (Central Visayas),2019,6,2019-06,test,953,3,12,28.1,270.1,83,0,7944970,500.55,51.43,13.38,0.5,0.7,210.1,7.1,80.5,27.2,980,1305,24.7,17.1,1
R7,Region VII (Central Visayas),2019,7,2019-07,test,3539,12,44.54,27.55,384.9,87.1,1,7944970,500.55,51.43,13.38,0.3,0.7,270.1,98.2,83,28.52,953,4437,27.1,24.7,1
R7,Region VII (Central Visayas),2019,8,2019-08,test,6511,29,81.95,28.3,156.4,83.3,0,7944970,500.55,51.43,13.38,0.2,0.6,384.9,-64.2,87.1,28.03,3539,5622,30.7,27.1,1
R7,Region VII (Central Visayas),2019,9,2019-09,test,5895,25,74.2,27.47,328.4,85.1,0,7944970,500.55,51.43,13.38,0.2,0.5,156.4,57.8,83.3,28.1,6511,4456,17,30.7,1
R7,Region VII (Central Visayas),2019,10,2019-10,test,3931,14,49.48,27.47,232.3,82.9,0,7944970,500.55,51.43,13.38,0.3,0.3,328.4,-73.5,85.1,27.55,5895,3090,23.8,17,1
R7,Region VII (Central Visayas),2019,11,2019-11,test,3117,8,39.23,27.23,296.8,86.3,0,7944970,500.55,51.43,13.38,0.5,0.2,232.3,80,82.9,28.3,3931,3174,27.9,23.8,1
R7,Region VII (Central Visayas),2019,12,2019-12,test,1361,4,17.13,26.23,293.9,85.7,0,7944970,500.55,51.43,13.38,0.5,0.2,296.8,48.3,86.3,27.47,3117,2165,26.6,27.9,1
R7,Region VII (Central Visayas),2020,1,2020-01,diagnostic_excluded,1969,9,24.36,26.78,164.5,82.6,0,8081988,509.18,51.93,13.38,0.5,0.3,293.9,-1.5,85.7,27.47,1361,1328,25.6,26.6,1
R7,Region VII (Central Visayas),2020,2,2020-02,diagnostic_excluded,994,8,12.3,26.88,111,82.4,1,8081988,509.18,51.93,13.38,0.5,0.5,164.5,13,82.6,27.23,1969,1269,19.6,25.6,1
R7,Region VII (Central Visayas),2020,3,2020-03,diagnostic_excluded,725,4,8.97,27.42,80.4,78.5,0,8081988,509.18,51.93,13.38,0.4,0.5,111,-5.3,82.4,26.23,994,1004,26.6,19.6,1
R7,Region VII (Central Visayas),2020,4,2020-04,diagnostic_excluded,1240,4,15.34,28.41,56.6,75.3,0,8081988,509.18,51.93,13.38,0.2,0.5,80.4,-7.4,78.5,26.78,725,604,13.6,26.6,1
R7,Region VII (Central Visayas),2020,5,2020-05,diagnostic_excluded,721,2,8.92,29.01,200.8,80.8,0,8081988,509.18,51.93,13.38,0,0.5,56.6,5.7,75.3,26.88,1240,980,17.6,13.6,1
R7,Region VII (Central Visayas),2020,6,2020-06,diagnostic_excluded,2314,12,28.63,28.01,278,83.8,0,8081988,509.18,51.93,13.38,-0.3,0.4,200.8,15,80.8,27.42,721,953,21.7,17.6,1
R7,Region VII (Central Visayas),2020,7,2020-07,diagnostic_excluded,5064,17,62.66,27.25,187.5,82.7,0,8081988,509.18,51.93,13.38,-0.4,0.2,278,-99.2,83.8,28.41,2314,3539,24.5,21.7,1
R7,Region VII (Central Visayas),2020,8,2020-08,diagnostic_excluded,2695,8,33.35,27.95,468.1,88.9,0,8081988,509.18,51.93,13.38,-0.6,0,187.5,247.5,82.7,29.01,5064,6511,23.3,24.5,1
R7,Region VII (Central Visayas),2020,9,2020-09,diagnostic_excluded,6346,17,78.52,27.73,374.2,85.9,0,8081988,509.18,51.93,13.38,-0.9,-0.3,468.1,103.7,88.9,28.01,2695,5895,29.3,23.3,1
R7,Region VII (Central Visayas),2020,10,2020-10,diagnostic_excluded,5995,23,74.18,26.53,224.3,82.7,0,8081988,509.18,51.93,13.38,-1.2,-0.4,374.2,-81.6,85.9,27.25,6346,3931,29.2,29.3,1
R7,Region VII (Central Visayas),2020,11,2020-11,diagnostic_excluded,2433,9,30.1,26.54,215.7,85.7,0,8081988,509.18,51.93,13.38,-1.3,-0.6,224.3,-1.1,82.7,27.95,5995,3117,21.6,29.2,1
R7,Region VII (Central Visayas),2020,12,2020-12,diagnostic_excluded,1613,5,19.96,27.06,243.8,85.8,0,8081988,509.18,51.93,13.38,-1.2,-0.9,215.7,-1.8,85.7,27.73,2433,1361,20.5,21.6,1
R8,Region VIII (Eastern Visayas),2016,1,2016-01,train,488,6,10.94,26.95,319.1,86.5,0,4461550,192.02,12.48,30,2,2.1,375.4,72,86.9,28,335,322,30.3,26.8,1
R8,Region VIII (Eastern Visayas),2016,2,2016-02,train,108,0,2.42,27.1,132.7,84.5,0,4461550,192.02,12.48,30,1.9,2.2,319.1,2.9,86.5,28.25,488,159,24.9,30.3,1
R8,Region VIII (Eastern Visayas),2016,3,2016-03,train,268,1,6.01,27.4,149.3,83.9,0,4461550,192.02,12.48,30,1.6,2.3,132.7,63.3,84.5,27.61,108,137,23.1,24.9,1
R8,Region VIII (Eastern Visayas),2016,4,2016-04,train,446,6,10,28.11,111.3,81.7,0,4461550,192.02,12.48,30,1.1,2,149.3,37,83.9,26.95,268,163,18.1,23.1,1
R8,Region VIII (Eastern Visayas),2016,5,2016-05,train,363,4,8.14,28.52,177.6,84.3,0,4461550,192.02,12.48,30,0.6,1.9,111.3,13.3,81.7,27.1,446,200,16.7,18.1,1
R8,Region VIII (Eastern Visayas),2016,6,2016-06,train,359,2,8.05,28.13,804.3,94.2,0,4461550,192.02,12.48,30,0.1,1.6,177.6,542.8,84.3,27.4,363,277,20.7,16.7,1
R8,Region VIII (Eastern Visayas),2016,7,2016-07,train,607,1,13.61,27.85,414.5,86,0,4461550,192.02,12.48,30,-0.2,1.1,804.3,81.6,94.2,28.11,359,551,42,20.7,1
R8,Region VIII (Eastern Visayas),2016,8,2016-08,train,2870,12,64.33,28.05,547,88.7,0,4461550,192.02,12.48,30,-0.4,0.6,414.5,309.8,86,28.52,607,863,33,42,1
R8,Region VIII (Eastern Visayas),2016,9,2016-09,train,1618,12,36.27,26.85,472.6,89.6,0,4461550,192.02,12.48,30,-0.5,0.1,547,221.3,88.7,28.13,2870,1788,36,33,1
R8,Region VIII (Eastern Visayas),2016,10,2016-10,train,918,3,20.58,26.83,398.7,85.9,0,4461550,192.02,12.48,30,-0.6,-0.2,472.6,101.9,89.6,27.85,1618,889,35.9,36,1
R8,Region VIII (Eastern Visayas),2016,11,2016-11,train,956,7,21.43,27.2,294.9,88.1,0,4461550,192.02,12.48,30,-0.6,-0.4,398.7,53,85.9,28.05,918,333,21.2,35.9,1
R8,Region VIII (Eastern Visayas),2016,12,2016-12,train,454,2,10.18,26.15,250,86.5,0,4461550,192.02,12.48,30,-0.6,-0.5,294.9,-111.6,88.1,26.85,956,335,23.9,21.2,1
R8,Region VIII (Eastern Visayas),2017,1,2017-01,train,291,2,6.49,26.14,261.3,83.9,0,4482950,192.94,13.02,26.97,-0.4,-0.6,250,14.2,86.5,26.83,454,488,17.6,23.9,1
R8,Region VIII (Eastern Visayas),2017,2,2017-02,train,163,2,3.64,25.18,108.6,84,0,4482950,192.94,13.02,26.97,-0.4,-0.6,261.3,-21.2,83.9,27.2,291,108,26.6,17.6,1
R8,Region VIII (Eastern Visayas),2017,3,2017-03,train,107,0,2.39,26.68,82.9,82.8,0,4482950,192.94,13.02,26.97,-0.2,-0.6,108.6,-3.1,84,26.15,163,268,24.6,26.6,1
R8,Region VIII (Eastern Visayas),2017,4,2017-04,train,98,0,2.19,28.36,79.3,80.1,0,4482950,192.94,13.02,26.97,0,-0.4,82.9,5,82.8,26.14,107,446,16.1,24.6,1
R8,Region VIII (Eastern Visayas),2017,5,2017-05,train,109,1,2.43,27.8,204.5,84.7,0,4482950,192.94,13.02,26.97,0.1,-0.4,79.3,40.2,80.1,25.18,98,363,21.7,16.1,1
R8,Region VIII (Eastern Visayas),2017,6,2017-06,train,340,2,7.58,27.53,304.7,83.7,0,4482950,192.94,13.02,26.97,0.1,-0.2,204.5,43.3,84.7,26.68,109,359,23,21.7,1
R8,Region VIII (Eastern Visayas),2017,7,2017-07,train,378,1,8.43,27.57,381.4,84.8,0,4482950,192.94,13.02,26.97,0,0,304.7,48.5,83.7,28.36,340,607,22.5,23,1
R8,Region VIII (Eastern Visayas),2017,8,2017-08,train,734,0,16.37,28.33,343.8,84,0,4482950,192.94,13.02,26.97,-0.2,0.1,381.4,106.6,84.8,27.8,378,2870,32.2,22.5,1
R8,Region VIII (Eastern Visayas),2017,9,2017-09,train,619,5,13.81,27.68,166,83.9,0,4482950,192.94,13.02,26.97,-0.5,0.1,343.8,-85.2,84,27.53,734,1618,27.5,32.2,1
R8,Region VIII (Eastern Visayas),2017,10,2017-10,train,741,4,16.53,26.8,107.7,81.3,0,4482950,192.94,13.02,26.97,-0.7,0,166,-189,83.9,27.57,619,918,17.8,27.5,1
R8,Region VIII (Eastern Visayas),2017,11,2017-11,train,446,2,9.95,26.65,154.1,85.1,1,4482950,192.94,13.02,26.97,-0.8,-0.2,107.7,-87.8,81.3,28.33,741,956,22,17.8,1
R8,Region VIII (Eastern Visayas),2017,12,2017-12,train,318,3,7.09,25.93,704.7,95.5,0,4482950,192.94,13.02,26.97,-0.9,-0.5,154.1,343.1,85.1,27.68,446,454,21.6,22,1
R8,Region VIII (Eastern Visayas),2018,1,2018-01,train,282,0,6.26,25.82,202.7,83.5,1,4504350,193.86,13.57,23.93,-0.9,-0.7,704.7,-44.4,95.5,26.8,318,291,42,21.6,1
R8,Region VIII (Eastern Visayas),2018,2,2018-02,train,196,1,4.35,25.6,108.5,83,0,4504350,193.86,13.57,23.93,-0.8,-0.8,202.7,-21.3,83.5,26.65,282,163,22.3,42,1
R8,Region VIII (Eastern Visayas),2018,3,2018-03,train,147,0,3.26,25.44,67.1,81.8,0,4504350,193.86,13.57,23.93,-0.6,-0.9,108.5,-18.9,83,25.93,196,107,16.9,22.3,1
R8,Region VIII (Eastern Visayas),2018,4,2018-04,train,133,1,2.95,27.91,67.6,79.9,0,4504350,193.86,13.57,23.93,-0.4,-0.9,67.1,-6.6,81.8,25.82,147,98,14.6,16.9,1
R8,Region VIII (Eastern Visayas),2018,5,2018-05,train,141,0,3.13,27.43,151.6,81.9,1,4504350,193.86,13.57,23.93,-0.2,-0.8,67.6,-12.7,79.9,25.6,133,109,16.6,14.6,1
R8,Region VIII (Eastern Visayas),2018,6,2018-06,train,120,2,2.66,27.76,319.2,87.4,0,4504350,193.86,13.57,23.93,0,-0.6,151.6,57.8,81.9,25.44,141,340,18.6,16.6,1
R8,Region VIII (Eastern Visayas),2018,7,2018-07,train,685,5,15.21,27.73,358.5,86.5,0,4504350,193.86,13.57,23.93,0.2,-0.4,319.2,25.6,87.4,27.91,120,378,18,18.6,1
R8,Region VIII (Eastern Visayas),2018,8,2018-08,train,557,1,12.37,27.71,323.4,85.1,0,4504350,193.86,13.57,23.93,0.3,-0.2,358.5,86.2,86.5,27.43,685,734,31.6,18,1
R8,Region VIII (Eastern Visayas),2018,9,2018-09,train,1087,5,24.13,27.64,150.5,80.5,0,4504350,193.86,13.57,23.93,0.5,0,323.4,-100.8,85.1,27.76,557,619,23.8,31.6,1
R8,Region VIII (Eastern Visayas),2018,10,2018-10,train,598,2,13.28,27.69,560.9,88.1,0,4504350,193.86,13.57,23.93,0.7,0.2,150.5,264.2,80.5,27.73,1087,741,22.4,23.8,1
R8,Region VIII (Eastern Visayas),2018,11,2018-11,train,579,2,12.85,27.01,221.3,86.5,0,4504350,193.86,13.57,23.93,0.8,0.3,560.9,-20.7,88.1,27.71,598,446,31.3,22.4,1
R8,Region VIII (Eastern Visayas),2018,12,2018-12,train,388,0,8.61,26.92,431.5,89.2,0,4504350,193.86,13.57,23.93,0.8,0.5,221.3,69.9,86.5,27.64,579,318,27.8,31.3,1
R8,Region VIII (Eastern Visayas),2019,1,2019-01,test,790,2,17.46,26.41,620.8,90.9,0,4525750,194.78,14.11,23.93,0.7,0.7,431.5,373.6,89.2,27.69,388,282,25.5,27.8,1
R8,Region VIII (Eastern Visayas),2019,2,2019-02,test,956,3,21.12,25.95,149.7,82.3,0,4525750,194.78,14.11,23.93,0.7,0.8,620.8,19.9,90.9,27.01,790,196,38.3,25.5,1
R8,Region VIII (Eastern Visayas),2019,3,2019-03,test,659,3,14.56,26.84,72.8,80.8,0,4525750,194.78,14.11,23.93,0.7,0.8,149.7,-13.3,82.3,26.92,956,147,24.1,38.3,1
R8,Region VIII (Eastern Visayas),2019,4,2019-04,test,397,2,8.77,28.08,152.7,81.8,0,4525750,194.78,14.11,23.93,0.7,0.7,72.8,78.4,80.8,26.41,659,133,20.6,24.1,1
R8,Region VIII (Eastern Visayas),2019,5,2019-05,test,487,3,10.76,28.18,303.5,85.9,0,4525750,194.78,14.11,23.93,0.6,0.7,152.7,139.3,81.8,25.95,397,141,21.2,20.6,1
R8,Region VIII (Eastern Visayas),2019,6,2019-06,test,1079,3,23.84,28.75,340.5,87.7,0,4525750,194.78,14.11,23.93,0.5,0.7,303.5,79.1,85.9,26.84,487,120,25.1,21.2,1
R8,Region VIII (Eastern Visayas),2019,7,2019-07,test,1230,8,27.18,27.23,369.3,86.6,0,4525750,194.78,14.11,23.93,0.3,0.7,340.5,36.4,87.7,28.08,1079,685,22.1,25.1,1
R8,Region VIII (Eastern Visayas),2019,8,2019-08,test,1990,9,43.97,27.6,222.8,84.3,0,4525750,194.78,14.11,23.93,0.2,0.6,369.3,-14.3,86.6,28.18,1230,557,30.3,22.1,1
R8,Region VIII (Eastern Visayas),2019,9,2019-09,test,3191,17,70.51,28.37,207.8,84.2,0,4525750,194.78,14.11,23.93,0.2,0.5,222.8,-43.5,84.3,28.75,1990,1087,25.6,30.3,1
R8,Region VIII (Eastern Visayas),2019,10,2019-10,test,700,4,15.47,26.9,341.7,87.1,0,4525750,194.78,14.11,23.93,0.3,0.3,207.8,45,84.2,27.23,3191,598,19,25.6,1
R8,Region VIII (Eastern Visayas),2019,11,2019-11,test,1180,6,26.07,27.03,233,83.9,0,4525750,194.78,14.11,23.93,0.5,0.2,341.7,-8.9,87.1,27.6,700,579,28.1,19,1
R8,Region VIII (Eastern Visayas),2019,12,2019-12,test,938,1,20.73,26.25,676.5,93.3,0,4525750,194.78,14.11,23.93,0.5,0.2,233,314.9,83.9,28.37,1180,388,19.8,28.1,1
R8,Region VIII (Eastern Visayas),2020,1,2020-01,diagnostic_excluded,1127,4,24.78,26.23,301.4,87.6,0,4547150,195.7,14.66,23.93,0.5,0.3,676.5,54.2,93.3,26.9,938,790,42,19.8,1
R8,Region VIII (Eastern Visayas),2020,2,2020-02,diagnostic_excluded,680,7,14.95,25.98,154.9,83.8,0,4547150,195.7,14.66,23.93,0.5,0.5,301.4,25.1,87.6,27.03,1127,956,24.7,42,1
R8,Region VIII (Eastern Visayas),2020,3,2020-03,diagnostic_excluded,706,3,15.53,26.67,137.7,83.8,0,4547150,195.7,14.66,23.93,0.4,0.5,154.9,51.6,83.8,26.25,680,659,19,24.7,1
R8,Region VIII (Eastern Visayas),2020,4,2020-04,diagnostic_excluded,471,2,10.36,27.41,118.4,80.5,0,4547150,195.7,14.66,23.93,0.2,0.5,137.7,44.2,83.8,26.23,706,397,19.5,19,1
R8,Region VIII (Eastern Visayas),2020,5,2020-05,diagnostic_excluded,395,4,8.69,28.05,110.1,83.4,0,4547150,195.7,14.66,23.93,0,0.5,118.4,-54.2,80.5,25.98,471,487,21.8,19.5,1
R8,Region VIII (Eastern Visayas),2020,6,2020-06,diagnostic_excluded,1402,6,30.83,28.15,214.6,84.2,0,4547150,195.7,14.66,23.93,-0.3,0.4,110.1,-46.8,83.4,26.67,395,1079,17.1,21.8,1
R8,Region VIII (Eastern Visayas),2020,7,2020-07,diagnostic_excluded,2016,13,44.34,26.89,210.3,83,0,4547150,195.7,14.66,23.93,-0.4,0.2,214.6,-122.5,84.2,27.41,1402,1230,24.7,17.1,1
R8,Region VIII (Eastern Visayas),2020,8,2020-08,diagnostic_excluded,2631,14,57.86,27.92,160.5,79.8,0,4547150,195.7,14.66,23.93,-0.6,0,210.3,-76.7,83,28.05,2016,1990,21.1,24.7,1
R8,Region VIII (Eastern Visayas),2020,9,2020-09,diagnostic_excluded,2858,23,62.85,27.64,148.2,81.2,0,4547150,195.7,14.66,23.93,-0.9,-0.3,160.5,-103.1,79.8,28.15,2631,3191,23.1,21.1,1
R8,Region VIII (Eastern Visayas),2020,10,2020-10,diagnostic_excluded,2703,13,59.44,26.97,369.7,86.9,0,4547150,195.7,14.66,23.93,-1.2,-0.4,148.2,73,81.2,26.89,2858,700,19.6,23.1,1
R8,Region VIII (Eastern Visayas),2020,11,2020-11,diagnostic_excluded,1688,11,37.12,26.33,157.8,85.8,0,4547150,195.7,14.66,23.93,-1.3,-0.6,369.7,-84.2,86.9,27.92,2703,1180,27.1,19.6,1
R8,Region VIII (Eastern Visayas),2020,12,2020-12,diagnostic_excluded,822,5,18.08,26.34,900,97.8,0,4547150,195.7,14.66,23.93,-1.2,-0.9,157.8,538.4,85.8,27.64,1688,938,15.9,27.1,1
R9,Region IX (Zamboanga Peninsula),2016,1,2016-01,train,226,1,6.14,27.15,201.1,83.5,0,3678942,217.64,37.95,28.26,2,2.1,205.5,72.1,84.8,27.16,128,194,25.6,10.5,1
R9,Region IX (Zamboanga Peninsula),2016,2,2016-02,train,379,2,10.3,27.36,51.3,79.4,0,3678942,217.64,37.95,28.26,1.9,2.2,201.1,-32,83.5,27.77,226,105,19.2,25.6,1
R9,Region IX (Zamboanga Peninsula),2016,3,2016-03,train,205,1,5.57,28.15,108.3,76.7,0,3678942,217.64,37.95,28.26,1.6,2.3,51.3,2,79.4,27.37,379,151,23,19.2,1
R9,Region IX (Zamboanga Peninsula),2016,4,2016-04,train,214,0,5.82,28.03,486.1,87.4,0,3678942,217.64,37.95,28.26,1.1,2,108.3,365,76.7,27.15,205,70,24.5,23,1
R9,Region IX (Zamboanga Peninsula),2016,5,2016-05,train,375,2,10.19,27.94,277,84.1,0,3678942,217.64,37.95,28.26,0.6,1.9,486.1,2.8,87.4,27.36,214,94,38.6,24.5,1
R9,Region IX (Zamboanga Peninsula),2016,6,2016-06,train,464,4,12.61,27.61,266.7,83.7,0,3678942,217.64,37.95,28.26,0.1,1.6,277,-88.5,84.1,28.15,375,196,25.2,38.6,1
R9,Region IX (Zamboanga Peninsula),2016,7,2016-07,train,937,1,25.47,27.53,778,94.7,0,3678942,217.64,37.95,28.26,-0.2,1.1,266.7,438.8,83.7,28.03,464,250,30.6,25.2,1
R9,Region IX (Zamboanga Peninsula),2016,8,2016-08,train,2832,9,76.98,27.3,91.7,79.8,0,3678942,217.64,37.95,28.26,-0.4,0.6,778,-167.1,94.7,27.94,937,352,41.1,30.6,1
R9,Region IX (Zamboanga Peninsula),2016,9,2016-09,train,1016,6,27.62,26.19,341,85.3,0,3678942,217.64,37.95,28.26,-0.5,0.1,91.7,11.7,79.8,27.61,2832,535,13.9,41.1,1
R9,Region IX (Zamboanga Peninsula),2016,10,2016-10,train,887,4,24.11,26.15,467.4,88.9,0,3678942,217.64,37.95,28.26,-0.6,-0.2,341,102.8,85.3,27.53,1016,237,28.3,13.9,1
R9,Region IX (Zamboanga Peninsula),2016,11,2016-11,train,687,5,18.67,26.18,168.7,85.7,0,3678942,217.64,37.95,28.26,-0.6,-0.4,467.4,-38.3,88.9,27.3,887,191,37.6,28.3,1
R9,Region IX (Zamboanga Peninsula),2016,12,2016-12,train,519,3,14.11,26.88,264.4,85.7,0,3678942,217.64,37.95,28.26,-0.6,-0.5,168.7,59.7,85.7,26.19,687,128,19,37.6,1
R9,Region IX (Zamboanga Peninsula),2017,1,2017-01,train,161,2,4.32,26.61,58.3,81.4,0,3728100,220.55,38.07,26.83,-0.4,-0.6,264.4,-70.8,85.7,26.15,519,226,22.1,19,1
R9,Region IX (Zamboanga Peninsula),2017,2,2017-02,train,142,2,3.81,26.48,69.4,78.4,0,3728100,220.55,38.07,26.83,-0.4,-0.6,58.3,-14,81.4,26.18,161,379,19.7,22.1,1
R9,Region IX (Zamboanga Peninsula),2017,3,2017-03,train,110,1,2.95,26.7,104.5,77.3,0,3728100,220.55,38.07,26.83,-0.2,-0.6,69.4,-1.8,78.4,26.88,142,205,18.8,19.7,1
R9,Region IX (Zamboanga Peninsula),2017,4,2017-04,train,117,1,3.14,27.83,80.2,78.8,0,3728100,220.55,38.07,26.83,0,-0.4,104.5,-40.9,77.3,26.61,110,214,18.5,18.8,1
R9,Region IX (Zamboanga Peninsula),2017,5,2017-05,train,119,1,3.19,27.69,346.3,85.4,0,3728100,220.55,38.07,26.83,0.1,-0.4,80.2,72.2,78.8,26.48,117,375,17.1,18.5,1
R9,Region IX (Zamboanga Peninsula),2017,6,2017-06,train,186,0,4.99,26.8,815.4,93.7,0,3728100,220.55,38.07,26.83,0.1,-0.2,346.3,460.2,85.4,26.7,119,464,31.4,17.1,1
R9,Region IX (Zamboanga Peninsula),2017,7,2017-07,train,538,4,14.43,26.88,243.8,83.6,0,3728100,220.55,38.07,26.83,0,0,815.4,-95.3,93.7,27.83,186,937,42,31.4,1
R9,Region IX (Zamboanga Peninsula),2017,8,2017-08,train,714,1,19.15,26.26,422.2,88.5,0,3728100,220.55,38.07,26.83,-0.2,0.1,243.8,163.4,83.6,27.69,538,2832,23.1,42,1
R9,Region IX (Zamboanga Peninsula),2017,9,2017-09,train,337,3,9.04,26.54,386.1,87.5,0,3728100,220.55,38.07,26.83,-0.5,0.1,422.2,56.8,88.5,26.8,714,1016,30.9,23.1,1
R9,Region IX (Zamboanga Peninsula),2017,10,2017-10,train,602,3,16.15,26.34,382.3,87.6,0,3728100,220.55,38.07,26.83,-0.7,0,386.1,17.6,87.5,26.88,337,887,29.4,30.9,1
R9,Region IX (Zamboanga Peninsula),2017,11,2017-11,train,499,2,13.38,26.71,216.2,86,0,3728100,220.55,38.07,26.83,-0.8,-0.2,382.3,9.2,87.6,26.26,602,687,34.9,29.4,1
R9,Region IX (Zamboanga Peninsula),2017,12,2017-12,train,202,1,5.42,25.81,135.3,83.6,0,3728100,220.55,38.07,26.83,-0.9,-0.5,216.2,-69.4,86,26.54,499,519,20.3,34.9,1
R9,Region IX (Zamboanga Peninsula),2018,1,2018-01,train,187,1,4.95,25.86,76.3,80.8,0,3777259,223.45,38.19,25.39,-0.9,-0.7,135.3,-52.7,83.6,26.34,202,161,19.4,20.3,1
R9,Region IX (Zamboanga Peninsula),2018,2,2018-02,train,238,1,6.3,26.22,48.3,76.3,0,3777259,223.45,38.19,25.39,-0.8,-0.8,76.3,-35,80.8,26.71,187,142,19.9,19.4,1
R9,Region IX (Zamboanga Peninsula),2018,3,2018-03,train,180,3,4.77,27.29,70.5,78.5,0,3777259,223.45,38.19,25.39,-0.6,-0.9,48.3,-35.7,76.3,25.81,238,110,16.5,19.9,1
R9,Region IX (Zamboanga Peninsula),2018,4,2018-04,train,152,1,4.02,27.58,198.8,79.3,0,3777259,223.45,38.19,25.39,-0.4,-0.9,70.5,77.7,78.5,25.86,180,117,12.3,16.5,1
R9,Region IX (Zamboanga Peninsula),2018,5,2018-05,train,243,1,6.43,27.39,279.7,83.8,0,3777259,223.45,38.19,25.39,-0.2,-0.8,198.8,5.5,79.3,26.22,152,119,23.5,12.3,1
R9,Region IX (Zamboanga Peninsula),2018,6,2018-06,train,406,4,10.75,27.18,208.9,80.5,0,3777259,223.45,38.19,25.39,0,-0.6,279.7,-146.3,83.8,27.29,243,186,26.4,23.5,1
R9,Region IX (Zamboanga Peninsula),2018,7,2018-07,train,682,6,18.06,25.97,169.3,83,0,3777259,223.45,38.19,25.39,0.2,-0.4,208.9,-169.9,80.5,27.58,406,538,24.2,26.4,1
R9,Region IX (Zamboanga Peninsula),2018,8,2018-08,train,1117,6,29.57,27.38,430.3,87.8,0,3777259,223.45,38.19,25.39,0.3,-0.2,169.3,171.5,83,27.39,682,714,23.3,24.2,1
R9,Region IX (Zamboanga Peninsula),2018,9,2018-09,train,1489,6,39.42,26.66,344.9,85,0,3777259,223.45,38.19,25.39,0.5,0,430.3,15.6,87.8,27.18,1117,337,33,23.3,1
R9,Region IX (Zamboanga Peninsula),2018,10,2018-10,train,631,0,16.71,26.24,225.1,81.1,1,3777259,223.45,38.19,25.39,0.7,0.2,344.9,-139.6,85,25.97,1489,602,27.8,33,1
R9,Region IX (Zamboanga Peninsula),2018,11,2018-11,train,342,3,9.05,27.06,257.1,84.9,0,3777259,223.45,38.19,25.39,0.8,0.3,225.1,50.1,81.1,27.38,631,499,22.9,27.8,1
R9,Region IX (Zamboanga Peninsula),2018,12,2018-12,train,179,2,4.74,26.47,311,87.1,0,3777259,223.45,38.19,25.39,0.8,0.5,257.1,106.3,84.9,26.66,342,202,24.4,22.9,1
R9,Region IX (Zamboanga Peninsula),2019,1,2019-01,test,681,3,17.8,26.3,100.5,82.6,0,3826417,226.36,38.31,25.39,0.7,0.7,311,-28.5,87.1,26.24,179,187,33,24.4,1
R9,Region IX (Zamboanga Peninsula),2019,2,2019-02,test,429,2,11.21,26.4,154.9,79.6,0,3826417,226.36,38.31,25.39,0.7,0.8,100.5,71.6,82.6,27.06,681,238,17,33,1
R9,Region IX (Zamboanga Peninsula),2019,3,2019-03,test,319,0,8.34,27.79,86.5,76.5,0,3826417,226.36,38.31,25.39,0.7,0.8,154.9,-19.8,79.6,26.47,429,180,22.7,17,1
R9,Region IX (Zamboanga Peninsula),2019,4,2019-04,test,292,0,7.63,28.03,292.8,81.2,0,3826417,226.36,38.31,25.39,0.7,0.7,86.5,171.7,76.5,26.3,319,152,12.8,22.7,1
R9,Region IX (Zamboanga Peninsula),2019,5,2019-05,test,659,2,17.22,27.41,190.9,79.7,0,3826417,226.36,38.31,25.39,0.6,0.7,292.8,-83.3,81.2,26.4,292,243,29.3,12.8,1
R9,Region IX (Zamboanga Peninsula),2019,6,2019-06,test,733,2,19.16,26.31,335.2,83.4,0,3826417,226.36,38.31,25.39,0.5,0.7,190.9,-20,79.7,27.79,659,406,18.9,29.3,1
R9,Region IX (Zamboanga Peninsula),2019,7,2019-07,test,1735,7,45.34,27.02,479.9,87.5,0,3826417,226.36,38.31,25.39,0.3,0.7,335.2,140.7,83.4,28.03,733,682,34.8,18.9,1
R9,Region IX (Zamboanga Peninsula),2019,8,2019-08,test,2076,5,54.25,26.94,346.4,85.9,0,3826417,226.36,38.31,25.39,0.2,0.6,479.9,87.6,87.5,27.41,1735,1117,36.4,34.8,1
R9,Region IX (Zamboanga Peninsula),2019,9,2019-09,test,2368,7,61.89,26.68,683.2,93.6,0,3826417,226.36,38.31,25.39,0.2,0.5,346.4,353.9,85.9,26.31,2076,1489,29.5,36.4,1
R9,Region IX (Zamboanga Peninsula),2019,10,2019-10,test,2187,14,57.16,26.89,367.3,87.7,0,3826417,226.36,38.31,25.39,0.3,0.3,683.2,2.6,93.6,27.02,2368,631,39.9,29.5,1
R9,Region IX (Zamboanga Peninsula),2019,11,2019-11,test,709,5,18.53,26.64,171.1,81.9,0,3826417,226.36,38.31,25.39,0.5,0.2,367.3,-35.9,87.7,26.94,2187,342,31.5,39.9,1
R9,Region IX (Zamboanga Peninsula),2019,12,2019-12,test,201,2,5.25,26.42,99.7,83.4,0,3826417,226.36,38.31,25.39,0.5,0.2,171.1,-105,81.9,26.68,709,179,21.6,31.5,1
R9,Region IX (Zamboanga Peninsula),2020,1,2020-01,diagnostic_excluded,235,0,6.06,26.65,70.6,80.3,0,3875576,229.27,38.43,25.39,0.5,0.3,99.7,-58.5,83.4,26.89,201,681,17.1,21.6,1
R9,Region IX (Zamboanga Peninsula),2020,2,2020-02,diagnostic_excluded,103,0,2.66,26.69,210.4,81.6,0,3875576,229.27,38.43,25.39,0.5,0.5,70.6,127.1,80.3,26.64,235,429,16.6,17.1,1
R9,Region IX (Zamboanga Peninsula),2020,3,2020-03,diagnostic_excluded,64,0,1.65,28.07,181.4,79.1,0,3875576,229.27,38.43,25.39,0.4,0.5,210.4,75.1,81.6,26.42,103,319,19.8,16.6,1
R9,Region IX (Zamboanga Peninsula),2020,4,2020-04,diagnostic_excluded,97,1,2.5,27.67,125.7,78.5,0,3875576,229.27,38.43,25.39,0.2,0.5,181.4,4.6,79.1,26.65,64,292,20.2,19.8,1
R9,Region IX (Zamboanga Peninsula),2020,5,2020-05,diagnostic_excluded,112,1,2.89,26.74,379.1,84.6,0,3875576,229.27,38.43,25.39,0,0.5,125.7,104.9,78.5,26.69,97,659,26.3,20.2,1
R9,Region IX (Zamboanga Peninsula),2020,6,2020-06,diagnostic_excluded,368,1,9.5,27.26,825.5,94.6,0,3875576,229.27,38.43,25.39,-0.3,0.4,379.1,470.3,84.6,28.07,112,733,31.9,26.3,1
R9,Region IX (Zamboanga Peninsula),2020,7,2020-07,diagnostic_excluded,646,4,16.67,26.35,671.6,93.6,0,3875576,229.27,38.43,25.39,-0.4,0.2,825.5,332.5,94.6,27.67,368,1735,42,31.9,1
R9,Region IX (Zamboanga Peninsula),2020,8,2020-08,diagnostic_excluded,1341,9,34.6,27.01,465.7,89.7,0,3875576,229.27,38.43,25.39,-0.6,0,671.6,206.9,93.6,26.74,646,2076,39.1,42,1
R9,Region IX (Zamboanga Peninsula),2020,9,2020-09,diagnostic_excluded,1745,7,45.03,26.97,502.3,88.1,0,3875576,229.27,38.43,25.39,-0.9,-0.3,465.7,173,89.7,27.26,1341,2368,25.3,39.1,1
R9,Region IX (Zamboanga Peninsula),2020,10,2020-10,diagnostic_excluded,549,3,14.17,26.38,249.4,83.4,0,3875576,229.27,38.43,25.39,-1.2,-0.4,502.3,-115.3,88.1,26.35,1745,2187,28.5,25.3,1
R9,Region IX (Zamboanga Peninsula),2020,11,2020-11,diagnostic_excluded,504,3,13,26.55,333.4,85.9,0,3875576,229.27,38.43,25.39,-1.3,-0.6,249.4,126.4,83.4,27.01,549,709,33.9,28.5,1
R9,Region IX (Zamboanga Peninsula),2020,12,2020-12,diagnostic_excluded,300,2,7.74,26.51,129.7,84.3,0,3875576,229.27,38.43,25.39,-1.2,-0.9,333.4,-75,85.9,26.97,504,201,27.4,33.9,1
